{
  "blockTypes": [
    {
      "id": 1,
      "name": "andesite",
      "textureUri": "blocks/andesite.png",
      "isCustom": false,
      "isMultiTexture": false
    },
    {
      "id": 2,
      "name": "birch-leaves",
      "textureUri": "blocks/birch-leaves.png",
      "isCustom": false,
      "isMultiTexture": false
    },
    {
      "id": 3,
      "name": "bricks",
      "textureUri": "blocks/bricks.png",
      "isCustom": false,
      "isMultiTexture": false
    },
    {
      "id": 4,
      "name": "coal-ore",
      "textureUri": "blocks/coal-ore.png",
      "isCustom": false,
      "isMultiTexture": false
    },
    {
      "id": 5,
      "name": "cobblestone",
      "textureUri": "blocks/cobblestone.png",
      "isCustom": false,
      "isMultiTexture": false
    },
    {
      "id": 6,
      "name": "grass-block-pine",
      "textureUri": "blocks/grass-block-pine",
      "isCustom": false,
      "isMultiTexture": true
    },
    {
      "id": 7,
      "name": "grass-block",
      "textureUri": "blocks/grass-block",
      "isCustom": false,
      "isMultiTexture": true
    },
    {
      "id": 8,
      "name": "grass-flower-block-pine",
      "textureUri": "blocks/grass-flower-block-pine",
      "isCustom": false,
      "isMultiTexture": true
    },
    {
      "id": 9,
      "name": "grass-flower-block",
      "textureUri": "blocks/grass-flower-block",
      "isCustom": false,
      "isMultiTexture": true
    },
    {
      "id": 10,
      "name": "oak-leaves",
      "textureUri": "blocks/oak-leaves.png",
      "isCustom": false,
      "isMultiTexture": false
    },
    {
      "id": 11,
      "name": "oak-log",
      "textureUri": "blocks/oak-log",
      "isCustom": false,
      "isMultiTexture": true
    },
    {
      "id": 12,
      "name": "sand",
      "textureUri": "blocks/sand.png",
      "isCustom": false,
      "isMultiTexture": false
    },
    {
      "id": 13,
      "name": "spruce-leaves",
      "textureUri": "blocks/spruce-leaves.png",
      "isCustom": false,
      "isMultiTexture": false
    },
    {
      "id": 14,
      "name": "spruce-log",
      "textureUri": "blocks/spruce-log",
      "isCustom": false,
      "isMultiTexture": true
    },
    {
      "id": 15,
      "name": "stone",
      "textureUri": "blocks/stone.png",
      "isCustom": false,
      "isMultiTexture": false
    },
    {
      "id": 16,
      "name": "water",
      "textureUri": "blocks/water.png",
      "isCustom": false,
      "isMultiTexture": false,
      "isLiquid": true
    }
  ],
  "blocks": {
    "-25,0,-16": 7,
    "-25,0,-7": 7,
    "-25,0,-6": 7,
    "-25,0,-5": 7,
    "-25,0,-4": 7,
    "-25,0,-3": 7,
    "-25,0,-2": 7,
    "-25,0,-1": 7,
    "-25,0,0": 7,
    "-25,0,1": 7,
    "-25,0,2": 7,
    "-25,0,3": 7,
    "-25,0,4": 7,
    "-25,0,5": 7,
    "-25,0,6": 7,
    "-25,0,7": 7,
    "-25,0,8": 7,
    "-25,0,9": 7,
    "-25,0,10": 7,
    "-25,0,11": 7,
    "-25,0,12": 7,
    "-25,0,14": 7,
    "-25,0,16": 7,
    "-25,0,17": 7,
    "-25,0,18": 7,
    "-25,0,19": 7,
    "-25,0,20": 7,
    "-25,0,21": 7,
    "-24,0,-16": 7,
    "-24,0,-6": 7,
    "-24,0,-5": 7,
    "-24,0,-4": 7,
    "-24,0,-3": 7,
    "-24,0,-2": 7,
    "-24,0,-1": 7,
    "-24,0,0": 7,
    "-24,0,1": 7,
    "-24,0,2": 7,
    "-24,0,3": 7,
    "-24,0,4": 7,
    "-24,0,5": 7,
    "-24,0,6": 7,
    "-24,0,7": 7,
    "-24,0,8": 7,
    "-24,0,9": 7,
    "-24,0,10": 7,
    "-24,0,11": 7,
    "-24,0,12": 7,
    "-24,0,13": 7,
    "-24,0,14": 7,
    "-24,0,18": 7,
    "-24,0,19": 7,
    "-24,0,20": 7,
    "-24,0,21": 7,
    "-24,0,24": 7,
    "-23,0,-6": 7,
    "-23,0,-5": 7,
    "-23,0,-4": 7,
    "-23,0,-3": 7,
    "-23,0,-2": 7,
    "-23,0,-1": 7,
    "-23,0,0": 7,
    "-23,0,1": 7,
    "-23,0,2": 7,
    "-23,0,3": 7,
    "-23,0,4": 7,
    "-23,0,5": 7,
    "-23,0,6": 7,
    "-23,0,7": 7,
    "-23,0,8": 7,
    "-23,0,9": 7,
    "-23,0,10": 7,
    "-23,0,11": 7,
    "-23,0,13": 7,
    "-23,0,17": 7,
    "-23,0,18": 7,
    "-23,0,19": 7,
    "-23,0,20": 7,
    "-23,0,21": 7,
    "-23,0,22": 7,
    "-23,0,23": 7,
    "-23,0,24": 7,
    "-22,0,-6": 7,
    "-22,0,-5": 7,
    "-22,0,-4": 7,
    "-22,0,-3": 7,
    "-22,0,-2": 7,
    "-22,0,-1": 7,
    "-22,0,0": 7,
    "-22,0,1": 7,
    "-22,0,2": 7,
    "-22,0,3": 7,
    "-22,0,4": 7,
    "-22,0,5": 7,
    "-22,0,6": 7,
    "-22,0,7": 7,
    "-22,0,8": 7,
    "-22,0,9": 7,
    "-22,0,10": 7,
    "-22,0,11": 7,
    "-22,0,12": 7,
    "-22,0,14": 7,
    "-22,0,18": 7,
    "-22,0,19": 7,
    "-22,0,20": 7,
    "-22,0,21": 7,
    "-22,0,22": 7,
    "-22,0,23": 7,
    "-22,0,24": 7,
    "-21,0,-17": 7,
    "-21,0,-8": 7,
    "-21,0,-7": 7,
    "-21,0,-6": 7,
    "-21,0,-5": 7,
    "-21,0,-4": 7,
    "-21,0,-3": 7,
    "-21,0,-2": 7,
    "-21,0,-1": 7,
    "-21,0,0": 7,
    "-21,0,1": 7,
    "-21,0,2": 7,
    "-21,0,3": 7,
    "-21,0,4": 7,
    "-21,0,5": 7,
    "-21,0,6": 7,
    "-21,0,7": 7,
    "-21,0,8": 7,
    "-21,0,9": 7,
    "-21,0,10": 7,
    "-21,0,11": 7,
    "-21,0,12": 7,
    "-21,0,13": 7,
    "-21,0,14": 7,
    "-21,0,16": 7,
    "-21,0,17": 7,
    "-21,0,18": 7,
    "-21,0,19": 7,
    "-21,0,20": 7,
    "-21,0,22": 7,
    "-21,0,23": 7,
    "-21,0,24": 7,
    "-20,0,-25": 7,
    "-20,0,-24": 7,
    "-20,0,-23": 7,
    "-20,0,-10": 7,
    "-20,0,-9": 7,
    "-20,0,-8": 7,
    "-20,0,-7": 7,
    "-20,0,-6": 7,
    "-20,0,-5": 7,
    "-20,0,-4": 7,
    "-20,0,-3": 7,
    "-20,0,-2": 7,
    "-20,0,-1": 7,
    "-20,0,0": 7,
    "-20,0,1": 7,
    "-20,0,2": 7,
    "-20,0,3": 7,
    "-20,0,4": 7,
    "-20,0,5": 7,
    "-20,0,6": 7,
    "-20,0,7": 7,
    "-20,0,8": 7,
    "-20,0,9": 7,
    "-20,0,10": 7,
    "-20,0,11": 7,
    "-20,0,14": 7,
    "-20,0,17": 7,
    "-20,0,18": 7,
    "-20,0,19": 7,
    "-20,0,20": 7,
    "-19,0,-25": 7,
    "-19,0,-24": 7,
    "-19,0,-23": 7,
    "-19,0,-10": 7,
    "-19,0,-9": 7,
    "-19,0,-8": 7,
    "-19,0,-7": 7,
    "-19,0,-6": 7,
    "-19,0,-5": 7,
    "-19,0,-4": 7,
    "-19,0,-3": 7,
    "-19,0,-2": 7,
    "-19,0,-1": 7,
    "-19,0,0": 7,
    "-19,0,1": 7,
    "-19,0,2": 7,
    "-19,0,3": 7,
    "-19,0,4": 7,
    "-19,0,5": 7,
    "-19,0,6": 7,
    "-19,0,7": 7,
    "-19,0,8": 7,
    "-19,0,9": 7,
    "-19,0,10": 7,
    "-19,0,13": 7,
    "-19,0,14": 7,
    "-19,0,17": 7,
    "-19,0,18": 7,
    "-19,0,19": 7,
    "-19,0,20": 7,
    "-19,0,21": 7,
    "-19,0,22": 7,
    "-19,0,24": 7,
    "-18,0,-22": 7,
    "-18,0,-21": 7,
    "-18,0,-12": 7,
    "-18,0,-11": 7,
    "-18,0,-10": 7,
    "-18,0,-9": 7,
    "-18,0,-8": 7,
    "-18,0,-7": 7,
    "-18,0,-6": 7,
    "-18,0,-5": 7,
    "-18,0,-4": 7,
    "-18,0,-3": 7,
    "-18,0,-2": 7,
    "-18,0,-1": 7,
    "-18,0,0": 7,
    "-18,0,1": 7,
    "-18,0,2": 7,
    "-18,0,3": 7,
    "-18,0,4": 7,
    "-18,0,5": 7,
    "-18,0,6": 7,
    "-18,0,7": 7,
    "-18,0,8": 7,
    "-18,0,9": 7,
    "-18,0,10": 7,
    "-18,0,11": 7,
    "-18,0,13": 7,
    "-18,0,14": 7,
    "-18,0,15": 7,
    "-18,0,16": 7,
    "-18,0,17": 7,
    "-18,0,18": 7,
    "-18,0,19": 7,
    "-18,0,20": 7,
    "-18,0,21": 7,
    "-18,0,24": 7,
    "-17,0,-12": 7,
    "-17,0,-11": 7,
    "-17,0,-10": 7,
    "-17,0,-9": 7,
    "-17,0,-8": 7,
    "-17,0,-7": 7,
    "-17,0,-6": 7,
    "-17,0,-5": 7,
    "-17,0,-4": 7,
    "-17,0,-3": 7,
    "-17,0,-2": 7,
    "-17,0,-1": 7,
    "-17,0,0": 7,
    "-17,0,1": 7,
    "-17,0,2": 7,
    "-17,0,3": 7,
    "-17,0,4": 7,
    "-17,0,5": 7,
    "-17,0,6": 7,
    "-17,0,7": 7,
    "-17,0,8": 7,
    "-17,0,9": 7,
    "-17,0,10": 7,
    "-17,0,13": 7,
    "-17,0,15": 7,
    "-17,0,16": 7,
    "-17,0,18": 7,
    "-17,0,19": 7,
    "-17,0,20": 7,
    "-17,0,21": 7,
    "-17,0,22": 7,
    "-17,0,23": 7,
    "-16,0,-13": 7,
    "-16,0,-12": 7,
    "-16,0,-11": 7,
    "-16,0,-10": 7,
    "-16,0,-9": 7,
    "-16,0,-8": 7,
    "-16,0,-7": 7,
    "-16,0,-6": 7,
    "-16,0,-5": 7,
    "-16,0,-4": 7,
    "-16,0,-3": 7,
    "-16,0,-2": 7,
    "-16,0,-1": 7,
    "-16,0,0": 7,
    "-16,0,1": 7,
    "-16,0,2": 7,
    "-16,0,3": 7,
    "-16,0,4": 7,
    "-16,0,5": 7,
    "-16,0,6": 7,
    "-16,0,7": 7,
    "-16,0,8": 7,
    "-16,0,9": 7,
    "-16,0,10": 7,
    "-16,0,11": 7,
    "-16,0,12": 7,
    "-16,0,17": 7,
    "-16,0,19": 7,
    "-16,0,20": 7,
    "-16,0,21": 7,
    "-16,0,22": 7,
    "-16,0,23": 7,
    "-15,0,-14": 7,
    "-15,0,-13": 7,
    "-15,0,-12": 7,
    "-15,0,-11": 7,
    "-15,0,-10": 7,
    "-15,0,-9": 7,
    "-15,0,-8": 7,
    "-15,0,-7": 7,
    "-15,0,-6": 7,
    "-15,0,-5": 7,
    "-15,0,-4": 7,
    "-15,0,-3": 7,
    "-15,0,-2": 7,
    "-15,0,-1": 7,
    "-15,0,0": 7,
    "-15,0,1": 7,
    "-15,0,2": 7,
    "-15,0,3": 7,
    "-15,0,4": 7,
    "-15,0,5": 7,
    "-15,0,6": 7,
    "-15,0,7": 7,
    "-15,0,8": 7,
    "-15,0,9": 7,
    "-15,0,10": 7,
    "-15,0,11": 7,
    "-15,0,12": 7,
    "-15,0,13": 7,
    "-15,0,14": 7,
    "-15,0,19": 7,
    "-15,0,21": 7,
    "-14,0,-17": 7,
    "-14,0,-16": 7,
    "-14,0,-15": 7,
    "-14,0,-14": 7,
    "-14,0,-13": 7,
    "-14,0,-12": 7,
    "-14,0,-11": 7,
    "-14,0,-10": 7,
    "-14,0,-9": 7,
    "-14,0,-8": 7,
    "-14,0,-7": 7,
    "-14,0,-6": 7,
    "-14,0,-5": 7,
    "-14,0,-4": 7,
    "-14,0,-3": 7,
    "-14,0,-2": 7,
    "-14,0,-1": 7,
    "-14,0,0": 7,
    "-14,0,1": 7,
    "-14,0,2": 7,
    "-14,0,3": 7,
    "-14,0,4": 7,
    "-14,0,5": 7,
    "-14,0,6": 7,
    "-14,0,7": 7,
    "-14,0,8": 7,
    "-14,0,9": 7,
    "-14,0,10": 7,
    "-14,0,11": 7,
    "-14,0,12": 7,
    "-14,0,13": 7,
    "-14,0,14": 7,
    "-14,0,15": 7,
    "-14,0,17": 7,
    "-14,0,19": 7,
    "-14,0,20": 7,
    "-14,0,21": 7,
    "-14,0,22": 7,
    "-14,0,24": 7,
    "-13,0,-18": 7,
    "-13,0,-17": 7,
    "-13,0,-16": 7,
    "-13,0,-15": 7,
    "-13,0,-14": 7,
    "-13,0,-13": 7,
    "-13,0,-12": 7,
    "-13,0,-11": 7,
    "-13,0,-10": 7,
    "-13,0,-9": 7,
    "-13,0,-8": 7,
    "-13,0,-7": 7,
    "-13,0,-6": 7,
    "-13,0,-5": 7,
    "-13,0,-4": 7,
    "-13,0,-3": 7,
    "-13,0,-2": 7,
    "-13,0,-1": 7,
    "-13,0,0": 7,
    "-13,0,1": 7,
    "-13,0,2": 7,
    "-13,0,3": 7,
    "-13,0,4": 7,
    "-13,0,5": 7,
    "-13,0,6": 7,
    "-13,0,7": 7,
    "-13,0,8": 7,
    "-13,0,9": 7,
    "-13,0,10": 7,
    "-13,0,11": 7,
    "-13,0,12": 7,
    "-13,0,13": 7,
    "-13,0,14": 7,
    "-13,0,15": 7,
    "-13,0,16": 7,
    "-13,0,17": 7,
    "-13,0,18": 7,
    "-13,0,20": 7,
    "-13,0,21": 7,
    "-13,0,22": 7,
    "-13,0,23": 7,
    "-13,0,24": 7,
    "-12,0,-25": 7,
    "-12,0,-24": 7,
    "-12,0,-18": 7,
    "-12,0,-17": 7,
    "-12,0,-16": 7,
    "-12,0,-15": 7,
    "-12,0,-14": 7,
    "-12,0,-13": 7,
    "-12,0,-12": 7,
    "-12,0,-11": 7,
    "-12,0,-10": 7,
    "-12,0,-9": 7,
    "-12,0,-8": 7,
    "-12,0,-7": 7,
    "-12,0,-6": 7,
    "-12,0,-5": 7,
    "-12,0,-4": 7,
    "-12,0,-3": 7,
    "-12,0,-2": 7,
    "-12,0,-1": 7,
    "-12,0,0": 7,
    "-12,0,1": 7,
    "-12,0,2": 7,
    "-12,0,3": 7,
    "-12,0,4": 7,
    "-12,0,5": 7,
    "-12,0,6": 7,
    "-12,0,7": 7,
    "-12,0,8": 7,
    "-12,0,9": 7,
    "-12,0,10": 7,
    "-12,0,11": 7,
    "-12,0,12": 7,
    "-12,0,13": 7,
    "-12,0,14": 7,
    "-12,0,15": 7,
    "-12,0,16": 7,
    "-12,0,17": 7,
    "-12,0,19": 7,
    "-12,0,20": 7,
    "-12,0,21": 7,
    "-12,0,23": 7,
    "-12,0,24": 7,
    "-11,0,-25": 7,
    "-11,0,-24": 7,
    "-11,0,-23": 7,
    "-11,0,-22": 7,
    "-11,0,-21": 7,
    "-11,0,-20": 7,
    "-11,0,-19": 7,
    "-11,0,-18": 7,
    "-11,0,-17": 7,
    "-11,0,-15": 7,
    "-11,0,-14": 7,
    "-11,0,-13": 7,
    "-11,0,-12": 7,
    "-11,0,-11": 7,
    "-11,0,-10": 7,
    "-11,0,-9": 7,
    "-11,0,-8": 7,
    "-11,0,-7": 7,
    "-11,0,-6": 7,
    "-11,0,-5": 7,
    "-11,0,-4": 7,
    "-11,0,-3": 7,
    "-11,0,-2": 7,
    "-11,0,-1": 7,
    "-11,0,0": 7,
    "-11,0,1": 7,
    "-11,0,2": 7,
    "-11,0,3": 7,
    "-11,0,4": 7,
    "-11,0,5": 7,
    "-11,0,6": 7,
    "-11,0,7": 7,
    "-11,0,8": 7,
    "-11,0,9": 7,
    "-11,0,10": 7,
    "-11,0,11": 7,
    "-11,0,12": 7,
    "-11,0,13": 7,
    "-11,0,14": 7,
    "-11,0,15": 7,
    "-11,0,16": 7,
    "-11,0,17": 7,
    "-11,0,18": 7,
    "-11,0,22": 7,
    "-11,0,23": 7,
    "-11,0,24": 7,
    "-10,0,-25": 7,
    "-10,0,-24": 7,
    "-10,0,-23": 7,
    "-10,0,-22": 7,
    "-10,0,-21": 7,
    "-10,0,-20": 7,
    "-10,0,-19": 7,
    "-10,0,-18": 7,
    "-10,0,-14": 7,
    "-10,0,-13": 7,
    "-10,0,-12": 7,
    "-10,0,-11": 7,
    "-10,0,-10": 7,
    "-10,0,-9": 7,
    "-10,0,-8": 7,
    "-10,0,-7": 7,
    "-10,0,-6": 7,
    "-10,0,-5": 7,
    "-10,0,-4": 7,
    "-10,0,-3": 7,
    "-10,0,-2": 7,
    "-10,0,-1": 7,
    "-10,0,0": 7,
    "-10,0,1": 7,
    "-10,0,2": 7,
    "-10,0,3": 7,
    "-10,0,4": 7,
    "-10,0,5": 7,
    "-10,0,6": 7,
    "-10,0,7": 7,
    "-10,0,8": 7,
    "-10,0,9": 7,
    "-10,0,10": 7,
    "-10,0,11": 7,
    "-10,0,12": 7,
    "-10,0,13": 7,
    "-10,0,14": 7,
    "-10,0,15": 7,
    "-10,0,16": 7,
    "-10,0,17": 7,
    "-10,0,18": 7,
    "-10,0,19": 7,
    "-10,0,20": 7,
    "-10,0,21": 7,
    "-10,0,22": 7,
    "-10,0,24": 7,
    "-9,0,-25": 7,
    "-9,0,-24": 7,
    "-9,0,-23": 7,
    "-9,0,-22": 7,
    "-9,0,-21": 7,
    "-9,0,-20": 7,
    "-9,0,-13": 7,
    "-9,0,-12": 7,
    "-9,0,-11": 7,
    "-9,0,-10": 7,
    "-9,0,-9": 7,
    "-9,0,-8": 7,
    "-9,0,-7": 7,
    "-9,0,-6": 7,
    "-9,0,-5": 7,
    "-9,0,-4": 7,
    "-9,0,-3": 7,
    "-9,0,-2": 7,
    "-9,0,-1": 7,
    "-9,0,0": 7,
    "-9,0,1": 7,
    "-9,0,2": 7,
    "-9,0,3": 7,
    "-9,0,4": 7,
    "-9,0,5": 7,
    "-9,0,6": 7,
    "-9,0,7": 7,
    "-9,0,8": 7,
    "-9,0,9": 7,
    "-9,0,10": 7,
    "-9,0,11": 7,
    "-9,0,12": 7,
    "-9,0,13": 7,
    "-9,0,14": 7,
    "-9,0,15": 7,
    "-9,0,16": 7,
    "-9,0,17": 7,
    "-9,0,18": 7,
    "-9,0,19": 7,
    "-9,0,20": 7,
    "-9,0,21": 7,
    "-9,0,22": 7,
    "-9,0,23": 7,
    "-9,0,24": 7,
    "-8,0,-25": 7,
    "-8,0,-24": 7,
    "-8,0,-23": 7,
    "-8,0,-22": 7,
    "-8,0,-21": 7,
    "-8,0,-12": 7,
    "-8,0,-11": 7,
    "-8,0,-10": 7,
    "-8,0,-9": 7,
    "-8,0,-8": 7,
    "-8,0,-7": 7,
    "-8,0,-6": 7,
    "-8,0,-5": 7,
    "-8,0,-4": 7,
    "-8,0,-3": 7,
    "-8,0,-2": 7,
    "-8,0,-1": 7,
    "-8,0,0": 7,
    "-8,0,1": 7,
    "-8,0,2": 7,
    "-8,0,3": 7,
    "-8,0,4": 7,
    "-8,0,5": 7,
    "-8,0,6": 7,
    "-8,0,7": 7,
    "-8,0,8": 7,
    "-8,0,9": 7,
    "-8,0,10": 7,
    "-8,0,11": 7,
    "-8,0,12": 7,
    "-8,0,13": 7,
    "-8,0,14": 7,
    "-8,0,15": 7,
    "-8,0,16": 7,
    "-8,0,17": 7,
    "-8,0,18": 7,
    "-8,0,19": 7,
    "-8,0,20": 7,
    "-8,0,21": 7,
    "-8,0,22": 7,
    "-8,0,23": 7,
    "-8,0,24": 7,
    "-7,0,-25": 7,
    "-7,0,-24": 7,
    "-7,0,-23": 7,
    "-7,0,-22": 7,
    "-7,0,-21": 7,
    "-7,0,-11": 7,
    "-7,0,-10": 7,
    "-7,0,-9": 7,
    "-7,0,-8": 7,
    "-7,0,-7": 7,
    "-7,0,-6": 7,
    "-7,0,-5": 7,
    "-7,0,-4": 7,
    "-7,0,-3": 7,
    "-7,0,-2": 7,
    "-7,0,-1": 7,
    "-7,0,0": 7,
    "-7,0,1": 7,
    "-7,0,2": 7,
    "-7,0,3": 7,
    "-7,0,4": 7,
    "-7,0,5": 7,
    "-7,0,6": 7,
    "-7,0,7": 7,
    "-7,0,8": 7,
    "-7,0,9": 7,
    "-7,0,10": 7,
    "-7,0,11": 7,
    "-7,0,12": 7,
    "-7,0,13": 7,
    "-7,0,14": 7,
    "-7,0,15": 7,
    "-7,0,16": 7,
    "-7,0,17": 7,
    "-7,0,18": 7,
    "-7,0,19": 7,
    "-7,0,20": 7,
    "-7,0,21": 7,
    "-7,0,22": 7,
    "-7,0,23": 7,
    "-7,0,24": 7,
    "-6,0,-25": 7,
    "-6,0,-24": 7,
    "-6,0,-23": 7,
    "-6,0,-22": 7,
    "-6,0,-21": 7,
    "-6,0,-11": 7,
    "-6,0,-10": 7,
    "-6,0,-9": 7,
    "-6,0,-8": 7,
    "-6,0,-7": 7,
    "-6,0,-6": 7,
    "-6,0,-5": 7,
    "-6,0,-4": 7,
    "-6,0,-3": 7,
    "-6,0,-2": 7,
    "-6,0,-1": 7,
    "-6,0,0": 7,
    "-6,0,1": 7,
    "-6,0,2": 7,
    "-6,0,3": 7,
    "-6,0,4": 7,
    "-6,0,5": 7,
    "-6,0,6": 7,
    "-6,0,7": 7,
    "-6,0,8": 7,
    "-6,0,9": 7,
    "-6,0,10": 7,
    "-6,0,11": 7,
    "-6,0,12": 7,
    "-6,0,13": 7,
    "-6,0,14": 7,
    "-6,0,15": 7,
    "-6,0,16": 7,
    "-6,0,17": 7,
    "-6,0,18": 7,
    "-6,0,19": 7,
    "-6,0,20": 7,
    "-6,0,21": 7,
    "-6,0,22": 7,
    "-6,0,23": 7,
    "-6,0,24": 7,
    "-5,0,-25": 7,
    "-5,0,-24": 7,
    "-5,0,-23": 7,
    "-5,0,-11": 7,
    "-5,0,-10": 7,
    "-5,0,-9": 7,
    "-5,0,-8": 7,
    "-5,0,-7": 7,
    "-5,0,-6": 7,
    "-5,0,-5": 7,
    "-5,0,-4": 7,
    "-5,0,-3": 7,
    "-5,0,-2": 7,
    "-5,0,-1": 7,
    "-5,0,0": 7,
    "-5,0,1": 7,
    "-5,0,2": 7,
    "-5,0,3": 7,
    "-5,0,4": 7,
    "-5,0,5": 7,
    "-5,0,6": 7,
    "-5,0,7": 7,
    "-5,0,8": 7,
    "-5,0,9": 7,
    "-5,0,10": 7,
    "-5,0,11": 7,
    "-5,0,12": 7,
    "-5,0,13": 7,
    "-5,0,14": 7,
    "-5,0,15": 7,
    "-5,0,16": 7,
    "-5,0,17": 7,
    "-5,0,18": 7,
    "-5,0,19": 7,
    "-5,0,20": 7,
    "-5,0,21": 7,
    "-5,0,22": 7,
    "-5,0,23": 7,
    "-5,0,24": 7,
    "-4,0,-25": 7,
    "-4,0,-24": 7,
    "-4,0,-23": 7,
    "-4,0,-22": 7,
    "-4,0,-11": 7,
    "-4,0,-10": 7,
    "-4,0,-9": 7,
    "-4,0,-8": 7,
    "-4,0,-7": 7,
    "-4,0,-6": 7,
    "-4,0,-5": 7,
    "-4,0,-4": 7,
    "-4,0,-3": 7,
    "-4,0,-2": 7,
    "-4,0,-1": 7,
    "-4,0,0": 7,
    "-4,0,1": 7,
    "-4,0,2": 7,
    "-4,0,3": 7,
    "-4,0,4": 7,
    "-4,0,5": 7,
    "-4,0,6": 7,
    "-4,0,7": 7,
    "-4,0,8": 7,
    "-4,0,9": 7,
    "-4,0,10": 7,
    "-4,0,11": 7,
    "-4,0,12": 7,
    "-4,0,13": 7,
    "-4,0,14": 7,
    "-4,0,15": 7,
    "-4,0,16": 7,
    "-4,0,17": 7,
    "-4,0,18": 7,
    "-4,0,19": 7,
    "-4,0,20": 7,
    "-4,0,21": 7,
    "-4,0,22": 7,
    "-4,0,23": 7,
    "-4,0,24": 7,
    "-3,0,-25": 7,
    "-3,0,-24": 7,
    "-3,0,-23": 7,
    "-3,0,-22": 7,
    "-3,0,-11": 7,
    "-3,0,-10": 7,
    "-3,0,-9": 7,
    "-3,0,-8": 7,
    "-3,0,-7": 7,
    "-3,0,-6": 7,
    "-3,0,-5": 7,
    "-3,0,-4": 7,
    "-3,0,-3": 7,
    "-3,0,-2": 7,
    "-3,0,-1": 7,
    "-3,0,0": 7,
    "-3,0,1": 7,
    "-3,0,2": 7,
    "-3,0,3": 7,
    "-3,0,4": 7,
    "-3,0,5": 7,
    "-3,0,6": 7,
    "-3,0,7": 7,
    "-3,0,8": 7,
    "-3,0,9": 7,
    "-3,0,10": 7,
    "-3,0,11": 7,
    "-3,0,12": 7,
    "-3,0,13": 7,
    "-3,0,14": 7,
    "-3,0,15": 7,
    "-3,0,16": 7,
    "-3,0,17": 7,
    "-3,0,18": 7,
    "-3,0,19": 7,
    "-3,0,20": 7,
    "-3,0,21": 7,
    "-3,0,22": 7,
    "-3,0,23": 7,
    "-3,0,24": 7,
    "-2,0,-25": 7,
    "-2,0,-24": 7,
    "-2,0,-23": 7,
    "-2,0,-22": 7,
    "-2,0,-21": 7,
    "-2,0,-11": 7,
    "-2,0,-10": 7,
    "-2,0,-9": 7,
    "-2,0,-8": 7,
    "-2,0,-7": 7,
    "-2,0,-6": 7,
    "-2,0,-5": 7,
    "-2,0,-4": 7,
    "-2,0,-3": 7,
    "-2,0,-2": 7,
    "-2,0,-1": 7,
    "-2,0,0": 7,
    "-2,0,1": 7,
    "-2,0,2": 7,
    "-2,0,3": 7,
    "-2,0,4": 7,
    "-2,0,5": 7,
    "-2,0,6": 7,
    "-2,0,7": 7,
    "-2,0,8": 7,
    "-2,0,9": 7,
    "-2,0,10": 7,
    "-2,0,11": 7,
    "-2,0,12": 7,
    "-2,0,13": 7,
    "-2,0,14": 7,
    "-2,0,15": 7,
    "-2,0,16": 7,
    "-2,0,17": 7,
    "-2,0,18": 7,
    "-2,0,19": 7,
    "-2,0,20": 7,
    "-2,0,21": 7,
    "-2,0,22": 7,
    "-2,0,23": 7,
    "-2,0,24": 7,
    "-1,0,-25": 7,
    "-1,0,-24": 7,
    "-1,0,-23": 7,
    "-1,0,-22": 7,
    "-1,0,-21": 7,
    "-1,0,-12": 7,
    "-1,0,-11": 7,
    "-1,0,-10": 7,
    "-1,0,-9": 7,
    "-1,0,-8": 7,
    "-1,0,-7": 7,
    "-1,0,-6": 7,
    "-1,0,-5": 7,
    "-1,0,-4": 7,
    "-1,0,-3": 7,
    "-1,0,-2": 7,
    "-1,0,-1": 7,
    "-1,0,0": 7,
    "-1,0,1": 7,
    "-1,0,2": 7,
    "-1,0,3": 7,
    "-1,0,4": 7,
    "-1,0,5": 7,
    "-1,0,6": 7,
    "-1,0,7": 7,
    "-1,0,8": 7,
    "-1,0,9": 7,
    "-1,0,10": 7,
    "-1,0,11": 7,
    "-1,0,12": 7,
    "-1,0,13": 7,
    "-1,0,14": 7,
    "-1,0,15": 7,
    "-1,0,16": 7,
    "-1,0,17": 7,
    "-1,0,18": 7,
    "-1,0,19": 7,
    "-1,0,20": 7,
    "-1,0,21": 7,
    "-1,0,22": 7,
    "-1,0,23": 7,
    "-1,0,24": 7,
    "0,0,-25": 7,
    "0,0,-24": 7,
    "0,0,-23": 7,
    "0,0,-22": 7,
    "0,0,-21": 7,
    "0,0,-12": 7,
    "0,0,-11": 7,
    "0,0,-10": 7,
    "0,0,-9": 7,
    "0,0,-8": 7,
    "0,0,-7": 7,
    "0,0,-6": 7,
    "0,0,-5": 7,
    "0,0,-4": 7,
    "0,0,-3": 7,
    "0,0,-2": 7,
    "0,0,-1": 7,
    "0,0,0": 7,
    "0,0,1": 7,
    "0,0,2": 7,
    "0,0,3": 7,
    "0,0,4": 7,
    "0,0,5": 7,
    "0,0,6": 7,
    "0,0,7": 7,
    "0,0,8": 7,
    "0,0,9": 7,
    "0,0,10": 7,
    "0,0,11": 7,
    "0,0,12": 7,
    "0,0,13": 7,
    "0,0,14": 7,
    "0,0,15": 7,
    "0,0,16": 7,
    "0,0,17": 7,
    "0,0,18": 7,
    "0,0,19": 7,
    "0,0,20": 7,
    "0,0,21": 7,
    "0,0,22": 7,
    "0,0,23": 7,
    "0,0,24": 7,
    "1,0,-25": 7,
    "1,0,-24": 7,
    "1,0,-23": 7,
    "1,0,-22": 7,
    "1,0,-21": 7,
    "1,0,-20": 7,
    "1,0,-14": 7,
    "1,0,-13": 7,
    "1,0,-12": 7,
    "1,0,-11": 7,
    "1,0,-10": 7,
    "1,0,-9": 7,
    "1,0,-8": 7,
    "1,0,-7": 7,
    "1,0,-6": 7,
    "1,0,-5": 7,
    "1,0,-4": 7,
    "1,0,-3": 7,
    "1,0,-2": 7,
    "1,0,-1": 7,
    "1,0,0": 7,
    "1,0,1": 7,
    "1,0,2": 7,
    "1,0,3": 7,
    "1,0,4": 7,
    "1,0,5": 7,
    "1,0,6": 7,
    "1,0,7": 7,
    "1,0,8": 7,
    "1,0,9": 7,
    "1,0,10": 7,
    "1,0,11": 7,
    "1,0,12": 7,
    "1,0,13": 7,
    "1,0,14": 7,
    "1,0,15": 7,
    "1,0,16": 7,
    "1,0,17": 7,
    "1,0,18": 7,
    "1,0,19": 7,
    "1,0,20": 7,
    "1,0,21": 7,
    "1,0,22": 7,
    "1,0,23": 7,
    "1,0,24": 7,
    "2,0,-25": 7,
    "2,0,-24": 7,
    "2,0,-23": 7,
    "2,0,-22": 7,
    "2,0,-21": 7,
    "2,0,-20": 7,
    "2,0,-19": 7,
    "2,0,-15": 7,
    "2,0,-14": 7,
    "2,0,-13": 7,
    "2,0,-12": 7,
    "2,0,-11": 7,
    "2,0,-10": 7,
    "2,0,-9": 7,
    "2,0,-8": 7,
    "2,0,-7": 7,
    "2,0,-6": 7,
    "2,0,-5": 7,
    "2,0,-4": 7,
    "2,0,-3": 7,
    "2,0,-2": 7,
    "2,0,-1": 7,
    "2,0,0": 7,
    "2,0,1": 7,
    "2,0,2": 7,
    "2,0,3": 7,
    "2,0,4": 7,
    "2,0,5": 7,
    "2,0,6": 7,
    "2,0,7": 7,
    "2,0,8": 7,
    "2,0,9": 7,
    "2,0,10": 7,
    "2,0,11": 7,
    "2,0,12": 7,
    "2,0,13": 7,
    "2,0,14": 7,
    "2,0,15": 7,
    "2,0,16": 7,
    "2,0,17": 7,
    "2,0,18": 7,
    "2,0,19": 7,
    "2,0,20": 7,
    "2,0,21": 7,
    "2,0,22": 7,
    "2,0,23": 7,
    "2,0,24": 7,
    "3,0,-25": 7,
    "3,0,-24": 7,
    "3,0,-23": 7,
    "3,0,-22": 7,
    "3,0,-21": 7,
    "3,0,-20": 7,
    "3,0,-19": 7,
    "3,0,-18": 7,
    "3,0,-17": 7,
    "3,0,-16": 7,
    "3,0,-15": 7,
    "3,0,-14": 7,
    "3,0,-13": 7,
    "3,0,-12": 7,
    "3,0,-11": 7,
    "3,0,-10": 7,
    "3,0,-9": 7,
    "3,0,-8": 7,
    "3,0,-7": 7,
    "3,0,-6": 7,
    "3,0,-5": 7,
    "3,0,-4": 7,
    "3,0,-3": 7,
    "3,0,-2": 7,
    "3,0,-1": 7,
    "3,0,0": 7,
    "3,0,1": 7,
    "3,0,2": 7,
    "3,0,3": 7,
    "3,0,4": 7,
    "3,0,5": 7,
    "3,0,6": 7,
    "3,0,7": 7,
    "3,0,8": 7,
    "3,0,9": 7,
    "3,0,10": 7,
    "3,0,11": 7,
    "3,0,12": 7,
    "3,0,13": 7,
    "3,0,14": 7,
    "3,0,15": 7,
    "3,0,16": 7,
    "3,0,17": 7,
    "3,0,18": 7,
    "3,0,19": 7,
    "3,0,20": 7,
    "3,0,21": 7,
    "3,0,22": 7,
    "3,0,23": 7,
    "3,0,24": 7,
    "4,0,-25": 7,
    "4,0,-24": 7,
    "4,0,-23": 7,
    "4,0,-22": 7,
    "4,0,-21": 7,
    "4,0,-20": 7,
    "4,0,-19": 7,
    "4,0,-18": 7,
    "4,0,-17": 7,
    "4,0,-16": 7,
    "4,0,-15": 7,
    "4,0,-14": 7,
    "4,0,-13": 7,
    "4,0,-12": 7,
    "4,0,-11": 7,
    "4,0,-10": 7,
    "4,0,-9": 7,
    "4,0,-8": 7,
    "4,0,-7": 7,
    "4,0,-6": 7,
    "4,0,-5": 7,
    "4,0,-4": 7,
    "4,0,-3": 7,
    "4,0,-2": 7,
    "4,0,-1": 7,
    "4,0,0": 7,
    "4,0,1": 7,
    "4,0,2": 7,
    "4,0,3": 7,
    "4,0,4": 7,
    "4,0,5": 7,
    "4,0,6": 7,
    "4,0,7": 7,
    "4,0,8": 7,
    "4,0,9": 7,
    "4,0,10": 7,
    "4,0,11": 7,
    "4,0,12": 7,
    "4,0,13": 7,
    "4,0,14": 7,
    "4,0,15": 7,
    "4,0,16": 7,
    "4,0,17": 7,
    "4,0,18": 7,
    "4,0,19": 7,
    "4,0,20": 7,
    "4,0,21": 7,
    "4,0,22": 7,
    "4,0,23": 7,
    "4,0,24": 7,
    "5,0,-25": 7,
    "5,0,-24": 7,
    "5,0,-23": 7,
    "5,0,-22": 7,
    "5,0,-21": 7,
    "5,0,-20": 7,
    "5,0,-19": 7,
    "5,0,-18": 7,
    "5,0,-17": 7,
    "5,0,-16": 7,
    "5,0,-15": 7,
    "5,0,-14": 7,
    "5,0,-13": 7,
    "5,0,-12": 7,
    "5,0,-11": 7,
    "5,0,-10": 7,
    "5,0,-9": 7,
    "5,0,-8": 7,
    "5,0,-7": 7,
    "5,0,-6": 7,
    "5,0,-5": 7,
    "5,0,-4": 7,
    "5,0,-3": 7,
    "5,0,-2": 7,
    "5,0,-1": 7,
    "5,0,0": 7,
    "5,0,1": 7,
    "5,0,2": 7,
    "5,0,3": 7,
    "5,0,4": 7,
    "5,0,5": 7,
    "5,0,6": 7,
    "5,0,7": 7,
    "5,0,8": 7,
    "5,0,9": 7,
    "5,0,10": 7,
    "5,0,11": 7,
    "5,0,12": 7,
    "5,0,13": 7,
    "5,0,14": 7,
    "5,0,15": 7,
    "5,0,16": 7,
    "5,0,17": 7,
    "5,0,18": 7,
    "5,0,19": 7,
    "5,0,20": 7,
    "5,0,21": 7,
    "5,0,22": 7,
    "5,0,23": 7,
    "5,0,24": 7,
    "6,0,-25": 7,
    "6,0,-24": 7,
    "6,0,-23": 7,
    "6,0,-22": 7,
    "6,0,-21": 7,
    "6,0,-20": 7,
    "6,0,-19": 7,
    "6,0,-18": 7,
    "6,0,-17": 7,
    "6,0,-16": 7,
    "6,0,-15": 7,
    "6,0,-14": 7,
    "6,0,-13": 7,
    "6,0,-12": 7,
    "6,0,-11": 7,
    "6,0,-10": 7,
    "6,0,-9": 7,
    "6,0,-8": 7,
    "6,0,-7": 7,
    "6,0,-6": 7,
    "6,0,-5": 7,
    "6,0,-4": 7,
    "6,0,-3": 7,
    "6,0,-2": 7,
    "6,0,-1": 7,
    "6,0,0": 7,
    "6,0,1": 7,
    "6,0,2": 7,
    "6,0,3": 7,
    "6,0,4": 7,
    "6,0,5": 7,
    "6,0,6": 7,
    "6,0,7": 7,
    "6,0,8": 7,
    "6,0,9": 7,
    "6,0,10": 7,
    "6,0,11": 7,
    "6,0,12": 7,
    "6,0,13": 7,
    "6,0,14": 7,
    "6,0,15": 7,
    "6,0,16": 7,
    "6,0,17": 7,
    "6,0,18": 7,
    "6,0,19": 7,
    "6,0,20": 7,
    "6,0,21": 7,
    "6,0,22": 7,
    "6,0,23": 7,
    "6,0,24": 7,
    "7,0,-25": 7,
    "7,0,-24": 7,
    "7,0,-23": 7,
    "7,0,-22": 7,
    "7,0,-21": 7,
    "7,0,-20": 7,
    "7,0,-19": 7,
    "7,0,-18": 7,
    "7,0,-17": 7,
    "7,0,-16": 7,
    "7,0,-15": 7,
    "7,0,-14": 7,
    "7,0,-13": 7,
    "7,0,-12": 7,
    "7,0,-11": 7,
    "7,0,-10": 7,
    "7,0,-9": 7,
    "7,0,-8": 7,
    "7,0,-7": 7,
    "7,0,-6": 7,
    "7,0,-5": 7,
    "7,0,-4": 7,
    "7,0,-3": 7,
    "7,0,-2": 7,
    "7,0,-1": 7,
    "7,0,0": 7,
    "7,0,1": 7,
    "7,0,2": 7,
    "7,0,3": 7,
    "7,0,4": 7,
    "7,0,5": 7,
    "7,0,6": 7,
    "7,0,7": 7,
    "7,0,8": 7,
    "7,0,9": 7,
    "7,0,10": 7,
    "7,0,11": 7,
    "7,0,12": 7,
    "7,0,13": 7,
    "7,0,14": 7,
    "7,0,15": 7,
    "7,0,16": 7,
    "7,0,17": 7,
    "7,0,18": 7,
    "7,0,19": 7,
    "7,0,20": 7,
    "7,0,21": 7,
    "7,0,22": 7,
    "7,0,23": 7,
    "7,0,24": 7,
    "8,0,-25": 7,
    "8,0,-24": 7,
    "8,0,-23": 7,
    "8,0,-22": 7,
    "8,0,-21": 7,
    "8,0,-20": 7,
    "8,0,-19": 7,
    "8,0,-18": 7,
    "8,0,-17": 7,
    "8,0,-16": 7,
    "8,0,-15": 7,
    "8,0,-14": 7,
    "8,0,-13": 7,
    "8,0,-12": 7,
    "8,0,-11": 7,
    "8,0,-10": 7,
    "8,0,-9": 7,
    "8,0,-8": 7,
    "8,0,-7": 7,
    "8,0,-6": 7,
    "8,0,-5": 7,
    "8,0,-4": 7,
    "8,0,-3": 7,
    "8,0,-2": 7,
    "8,0,-1": 7,
    "8,0,0": 7,
    "8,0,1": 7,
    "8,0,2": 7,
    "8,0,3": 7,
    "8,0,4": 7,
    "8,0,5": 7,
    "8,0,6": 7,
    "8,0,7": 7,
    "8,0,8": 7,
    "8,0,9": 7,
    "8,0,10": 7,
    "8,0,11": 7,
    "8,0,12": 7,
    "8,0,13": 7,
    "8,0,14": 7,
    "8,0,15": 7,
    "8,0,16": 7,
    "8,0,17": 7,
    "8,0,18": 7,
    "8,0,19": 7,
    "8,0,20": 7,
    "8,0,21": 7,
    "8,0,22": 7,
    "8,0,23": 7,
    "8,0,24": 7,
    "9,0,-25": 7,
    "9,0,-24": 7,
    "9,0,-23": 7,
    "9,0,-22": 7,
    "9,0,-21": 7,
    "9,0,-20": 7,
    "9,0,-19": 7,
    "9,0,-18": 7,
    "9,0,-17": 7,
    "9,0,-16": 7,
    "9,0,-15": 7,
    "9,0,-14": 7,
    "9,0,-13": 7,
    "9,0,-12": 7,
    "9,0,-11": 7,
    "9,0,-10": 7,
    "9,0,-9": 7,
    "9,0,-8": 7,
    "9,0,-7": 7,
    "9,0,-6": 7,
    "9,0,-5": 7,
    "9,0,-4": 7,
    "9,0,-3": 7,
    "9,0,-2": 7,
    "9,0,-1": 7,
    "9,0,0": 7,
    "9,0,1": 7,
    "9,0,2": 7,
    "9,0,3": 7,
    "9,0,4": 7,
    "9,0,5": 7,
    "9,0,6": 7,
    "9,0,7": 7,
    "9,0,8": 7,
    "9,0,9": 7,
    "9,0,10": 7,
    "9,0,11": 7,
    "9,0,12": 7,
    "9,0,13": 7,
    "9,0,14": 7,
    "9,0,15": 7,
    "9,0,16": 7,
    "9,0,17": 7,
    "9,0,18": 7,
    "9,0,19": 7,
    "9,0,20": 7,
    "9,0,21": 7,
    "9,0,22": 7,
    "9,0,23": 7,
    "9,0,24": 7,
    "10,0,-25": 7,
    "10,0,-24": 7,
    "10,0,-23": 7,
    "10,0,-22": 7,
    "10,0,-21": 7,
    "10,0,-20": 7,
    "10,0,-19": 7,
    "10,0,-18": 7,
    "10,0,-17": 7,
    "10,0,-16": 7,
    "10,0,-15": 7,
    "10,0,-14": 7,
    "10,0,-13": 7,
    "10,0,-12": 7,
    "10,0,-11": 7,
    "10,0,-10": 7,
    "10,0,-9": 7,
    "10,0,-8": 7,
    "10,0,-7": 7,
    "10,0,-6": 7,
    "10,0,-5": 7,
    "10,0,-4": 7,
    "10,0,-3": 7,
    "10,0,-2": 7,
    "10,0,-1": 7,
    "10,0,0": 7,
    "10,0,1": 7,
    "10,0,2": 7,
    "10,0,3": 7,
    "10,0,4": 7,
    "10,0,5": 7,
    "10,0,6": 7,
    "10,0,7": 7,
    "10,0,8": 7,
    "10,0,9": 7,
    "10,0,10": 7,
    "10,0,11": 7,
    "10,0,12": 7,
    "10,0,13": 7,
    "10,0,14": 7,
    "10,0,15": 7,
    "10,0,16": 7,
    "10,0,17": 7,
    "10,0,18": 7,
    "10,0,19": 7,
    "10,0,20": 7,
    "10,0,21": 7,
    "10,0,22": 7,
    "10,0,23": 7,
    "10,0,24": 7,
    "11,0,-25": 7,
    "11,0,-24": 7,
    "11,0,-23": 7,
    "11,0,-22": 7,
    "11,0,-21": 7,
    "11,0,-20": 7,
    "11,0,-19": 7,
    "11,0,-18": 7,
    "11,0,-17": 7,
    "11,0,-16": 7,
    "11,0,-15": 7,
    "11,0,-14": 7,
    "11,0,-13": 7,
    "11,0,-12": 7,
    "11,0,-11": 7,
    "11,0,-10": 7,
    "11,0,-9": 7,
    "11,0,-8": 7,
    "11,0,-7": 7,
    "11,0,-6": 7,
    "11,0,-5": 7,
    "11,0,-4": 7,
    "11,0,-3": 7,
    "11,0,-2": 7,
    "11,0,-1": 7,
    "11,0,0": 7,
    "11,0,1": 7,
    "11,0,2": 7,
    "11,0,3": 7,
    "11,0,4": 7,
    "11,0,5": 7,
    "11,0,6": 7,
    "11,0,7": 7,
    "11,0,8": 7,
    "11,0,9": 7,
    "11,0,10": 7,
    "11,0,11": 7,
    "11,0,12": 7,
    "11,0,13": 7,
    "11,0,14": 7,
    "11,0,15": 7,
    "11,0,16": 7,
    "11,0,17": 7,
    "11,0,18": 7,
    "11,0,19": 7,
    "11,0,20": 7,
    "11,0,21": 7,
    "11,0,22": 7,
    "11,0,23": 7,
    "11,0,24": 7,
    "12,0,-25": 7,
    "12,0,-24": 7,
    "12,0,-23": 7,
    "12,0,-22": 7,
    "12,0,-20": 7,
    "12,0,-19": 7,
    "12,0,-18": 7,
    "12,0,-17": 7,
    "12,0,-16": 7,
    "12,0,-15": 7,
    "12,0,-14": 7,
    "12,0,-13": 7,
    "12,0,-12": 7,
    "12,0,-11": 7,
    "12,0,-10": 7,
    "12,0,-9": 7,
    "12,0,-8": 7,
    "12,0,-7": 7,
    "12,0,-6": 7,
    "12,0,-5": 7,
    "12,0,-4": 7,
    "12,0,-3": 7,
    "12,0,-2": 7,
    "12,0,-1": 7,
    "12,0,0": 7,
    "12,0,1": 7,
    "12,0,2": 7,
    "12,0,3": 7,
    "12,0,4": 7,
    "12,0,5": 7,
    "12,0,6": 7,
    "12,0,7": 7,
    "12,0,8": 7,
    "12,0,9": 7,
    "12,0,10": 7,
    "12,0,11": 7,
    "12,0,12": 7,
    "12,0,13": 7,
    "12,0,14": 7,
    "12,0,15": 7,
    "12,0,16": 7,
    "12,0,17": 7,
    "12,0,18": 7,
    "12,0,19": 7,
    "12,0,20": 7,
    "12,0,21": 7,
    "12,0,22": 7,
    "13,0,-25": 7,
    "13,0,-24": 7,
    "13,0,-22": 7,
    "13,0,-21": 7,
    "13,0,-20": 7,
    "13,0,-19": 7,
    "13,0,-18": 7,
    "13,0,-17": 7,
    "13,0,-16": 7,
    "13,0,-15": 7,
    "13,0,-14": 7,
    "13,0,-13": 7,
    "13,0,-12": 7,
    "13,0,-11": 7,
    "13,0,-10": 7,
    "13,0,-9": 7,
    "13,0,-8": 7,
    "13,0,-7": 7,
    "13,0,-6": 7,
    "13,0,-5": 7,
    "13,0,-4": 7,
    "13,0,-3": 7,
    "13,0,-2": 7,
    "13,0,-1": 7,
    "13,0,0": 7,
    "13,0,1": 7,
    "13,0,2": 7,
    "13,0,3": 7,
    "13,0,4": 7,
    "13,0,5": 7,
    "13,0,6": 7,
    "13,0,7": 7,
    "13,0,8": 7,
    "13,0,9": 7,
    "13,0,10": 7,
    "13,0,11": 7,
    "13,0,12": 7,
    "13,0,13": 7,
    "13,0,14": 7,
    "13,0,15": 7,
    "13,0,16": 7,
    "13,0,17": 7,
    "13,0,18": 7,
    "13,0,19": 7,
    "14,0,-25": 7,
    "14,0,-24": 7,
    "14,0,-19": 7,
    "14,0,-18": 7,
    "14,0,-17": 7,
    "14,0,-16": 7,
    "14,0,-15": 7,
    "14,0,-14": 7,
    "14,0,-13": 7,
    "14,0,-12": 7,
    "14,0,-11": 7,
    "14,0,-10": 7,
    "14,0,-9": 7,
    "14,0,-8": 7,
    "14,0,-7": 7,
    "14,0,-6": 7,
    "14,0,-5": 7,
    "14,0,-4": 7,
    "14,0,-3": 7,
    "14,0,-2": 7,
    "14,0,-1": 7,
    "14,0,0": 7,
    "14,0,1": 7,
    "14,0,2": 7,
    "14,0,3": 7,
    "14,0,4": 7,
    "14,0,5": 7,
    "14,0,6": 7,
    "14,0,7": 7,
    "14,0,8": 7,
    "14,0,9": 7,
    "14,0,10": 7,
    "14,0,11": 7,
    "14,0,12": 7,
    "14,0,13": 7,
    "14,0,14": 7,
    "14,0,15": 7,
    "14,0,16": 7,
    "14,0,17": 7,
    "14,0,18": 7,
    "15,0,-25": 7,
    "15,0,-24": 7,
    "15,0,-23": 7,
    "15,0,-18": 7,
    "15,0,-17": 7,
    "15,0,-16": 7,
    "15,0,-15": 7,
    "15,0,-14": 7,
    "15,0,-13": 7,
    "15,0,-12": 7,
    "15,0,-11": 7,
    "15,0,-10": 7,
    "15,0,-9": 7,
    "15,0,-8": 7,
    "15,0,-7": 7,
    "15,0,-6": 7,
    "15,0,-5": 7,
    "15,0,-4": 7,
    "15,0,-3": 7,
    "15,0,-2": 7,
    "15,0,-1": 7,
    "15,0,0": 7,
    "15,0,1": 7,
    "15,0,2": 7,
    "15,0,3": 7,
    "15,0,4": 7,
    "15,0,5": 7,
    "15,0,6": 7,
    "15,0,7": 7,
    "15,0,8": 7,
    "15,0,9": 7,
    "15,0,10": 7,
    "15,0,11": 7,
    "15,0,12": 7,
    "15,0,13": 7,
    "15,0,14": 7,
    "15,0,15": 7,
    "15,0,16": 7,
    "15,0,17": 7,
    "15,0,18": 7,
    "16,0,-25": 7,
    "16,0,-19": 7,
    "16,0,-17": 7,
    "16,0,-16": 7,
    "16,0,-15": 7,
    "16,0,-14": 7,
    "16,0,-13": 7,
    "16,0,-12": 7,
    "16,0,-11": 7,
    "16,0,-10": 7,
    "16,0,-9": 7,
    "16,0,-8": 7,
    "16,0,-7": 7,
    "16,0,-6": 7,
    "16,0,-5": 7,
    "16,0,-4": 7,
    "16,0,-3": 7,
    "16,0,-2": 7,
    "16,0,-1": 7,
    "16,0,0": 7,
    "16,0,1": 7,
    "16,0,2": 7,
    "16,0,3": 7,
    "16,0,4": 7,
    "16,0,5": 7,
    "16,0,6": 7,
    "16,0,7": 7,
    "16,0,8": 7,
    "16,0,9": 7,
    "16,0,10": 7,
    "16,0,11": 7,
    "16,0,12": 7,
    "16,0,13": 7,
    "16,0,14": 7,
    "16,0,15": 7,
    "16,0,16": 7,
    "17,0,-25": 7,
    "17,0,-21": 7,
    "17,0,-20": 7,
    "17,0,-19": 7,
    "17,0,-18": 7,
    "17,0,-17": 7,
    "17,0,-16": 7,
    "17,0,-15": 7,
    "17,0,-14": 7,
    "17,0,-13": 7,
    "17,0,-12": 7,
    "17,0,-11": 7,
    "17,0,-10": 7,
    "17,0,-9": 7,
    "17,0,-8": 7,
    "17,0,-7": 7,
    "17,0,-6": 7,
    "17,0,-5": 7,
    "17,0,-4": 7,
    "17,0,-3": 7,
    "17,0,-2": 7,
    "17,0,-1": 7,
    "17,0,0": 7,
    "17,0,1": 7,
    "17,0,2": 7,
    "17,0,3": 7,
    "17,0,4": 7,
    "17,0,5": 7,
    "17,0,6": 7,
    "17,0,7": 7,
    "17,0,8": 7,
    "17,0,9": 7,
    "17,0,10": 7,
    "17,0,11": 7,
    "17,0,12": 7,
    "17,0,13": 7,
    "17,0,14": 7,
    "17,0,15": 7,
    "17,0,16": 7,
    "18,0,-25": 7,
    "18,0,-24": 7,
    "18,0,-23": 7,
    "18,0,-22": 7,
    "18,0,-21": 7,
    "18,0,-20": 7,
    "18,0,-19": 7,
    "18,0,-18": 7,
    "18,0,-17": 7,
    "18,0,-16": 7,
    "18,0,-15": 7,
    "18,0,-14": 7,
    "18,0,-13": 7,
    "18,0,-12": 7,
    "18,0,-11": 7,
    "18,0,-10": 7,
    "18,0,-9": 7,
    "18,0,-8": 7,
    "18,0,-7": 7,
    "18,0,-6": 7,
    "18,0,-5": 7,
    "18,0,-4": 7,
    "18,0,-3": 7,
    "18,0,-2": 7,
    "18,0,-1": 7,
    "18,0,0": 7,
    "18,0,1": 7,
    "18,0,2": 7,
    "18,0,3": 7,
    "18,0,4": 7,
    "18,0,5": 7,
    "18,0,6": 7,
    "18,0,7": 7,
    "18,0,8": 7,
    "18,0,9": 7,
    "18,0,10": 7,
    "18,0,11": 7,
    "18,0,12": 7,
    "18,0,13": 7,
    "18,0,14": 7,
    "19,0,-25": 7,
    "19,0,-24": 7,
    "19,0,-23": 7,
    "19,0,-22": 7,
    "19,0,-21": 7,
    "19,0,-20": 7,
    "19,0,-19": 7,
    "19,0,-18": 7,
    "19,0,-17": 7,
    "19,0,-16": 7,
    "19,0,-14": 7,
    "19,0,-13": 7,
    "19,0,-12": 7,
    "19,0,-11": 7,
    "19,0,-10": 7,
    "19,0,-9": 7,
    "19,0,-8": 7,
    "19,0,-7": 7,
    "19,0,-6": 7,
    "19,0,-5": 7,
    "19,0,-4": 7,
    "19,0,-3": 7,
    "19,0,-2": 7,
    "19,0,-1": 7,
    "19,0,0": 7,
    "19,0,1": 7,
    "19,0,2": 7,
    "19,0,3": 7,
    "19,0,4": 7,
    "19,0,5": 7,
    "19,0,6": 7,
    "19,0,7": 7,
    "19,0,8": 7,
    "19,0,9": 7,
    "19,0,10": 7,
    "19,0,11": 7,
    "19,0,12": 7,
    "19,0,13": 7,
    "19,0,14": 7,
    "20,0,-25": 7,
    "20,0,-24": 7,
    "20,0,-23": 7,
    "20,0,-22": 7,
    "20,0,-21": 7,
    "20,0,-20": 7,
    "20,0,-17": 7,
    "20,0,-16": 7,
    "20,0,-14": 7,
    "20,0,-13": 7,
    "20,0,-12": 7,
    "20,0,-11": 7,
    "20,0,-10": 7,
    "20,0,-9": 7,
    "20,0,-8": 7,
    "20,0,-7": 7,
    "20,0,-6": 7,
    "20,0,-5": 7,
    "20,0,-4": 7,
    "20,0,-3": 7,
    "20,0,-2": 7,
    "20,0,-1": 7,
    "20,0,0": 7,
    "20,0,1": 7,
    "20,0,2": 7,
    "20,0,3": 7,
    "20,0,4": 7,
    "20,0,5": 7,
    "20,0,6": 7,
    "20,0,7": 7,
    "20,0,8": 7,
    "20,0,9": 7,
    "20,0,10": 7,
    "20,0,20": 7,
    "20,0,21": 7,
    "20,0,22": 7,
    "21,0,-25": 7,
    "21,0,-24": 7,
    "21,0,-23": 7,
    "21,0,-21": 7,
    "21,0,-20": 7,
    "21,0,-18": 7,
    "21,0,-17": 7,
    "21,0,-13": 7,
    "21,0,-12": 7,
    "21,0,-11": 7,
    "21,0,-10": 7,
    "21,0,-9": 7,
    "21,0,-8": 7,
    "21,0,-7": 7,
    "21,0,-6": 7,
    "21,0,-5": 7,
    "21,0,-4": 7,
    "21,0,-3": 7,
    "21,0,-2": 7,
    "21,0,-1": 7,
    "21,0,0": 7,
    "21,0,1": 7,
    "21,0,2": 7,
    "21,0,3": 7,
    "21,0,4": 7,
    "21,0,5": 7,
    "21,0,6": 7,
    "21,0,7": 7,
    "21,0,8": 7,
    "21,0,9": 7,
    "21,0,23": 7,
    "21,0,24": 7,
    "22,0,-25": 7,
    "22,0,-24": 7,
    "22,0,-23": 7,
    "22,0,-18": 7,
    "22,0,-13": 7,
    "22,0,-12": 7,
    "22,0,-11": 7,
    "22,0,-10": 7,
    "22,0,-9": 7,
    "22,0,-8": 7,
    "22,0,-7": 7,
    "22,0,-6": 7,
    "22,0,-5": 7,
    "22,0,-4": 7,
    "22,0,-3": 7,
    "22,0,-2": 7,
    "22,0,-1": 7,
    "22,0,0": 7,
    "22,0,1": 7,
    "22,0,2": 7,
    "22,0,3": 7,
    "22,0,4": 7,
    "22,0,5": 7,
    "22,0,6": 7,
    "22,0,7": 7,
    "22,0,8": 7,
    "22,0,9": 7,
    "22,0,23": 7,
    "23,0,-25": 7,
    "23,0,-24": 7,
    "23,0,-23": 7,
    "23,0,-19": 7,
    "23,0,-18": 7,
    "23,0,-17": 7,
    "23,0,-15": 7,
    "23,0,-14": 7,
    "23,0,-13": 7,
    "23,0,-12": 7,
    "23,0,-11": 7,
    "23,0,-10": 7,
    "23,0,-9": 7,
    "23,0,-8": 7,
    "23,0,-7": 7,
    "23,0,-6": 7,
    "23,0,-5": 7,
    "23,0,-4": 7,
    "23,0,-3": 7,
    "23,0,-2": 7,
    "23,0,-1": 7,
    "23,0,0": 7,
    "23,0,1": 7,
    "23,0,2": 7,
    "23,0,3": 7,
    "23,0,4": 7,
    "23,0,5": 7,
    "23,0,6": 7,
    "23,0,7": 7,
    "24,0,-25": 7,
    "24,0,-24": 7,
    "24,0,-23": 7,
    "24,0,-22": 7,
    "24,0,-21": 7,
    "24,0,-20": 7,
    "24,0,-19": 7,
    "24,0,-18": 7,
    "24,0,-17": 7,
    "24,0,-16": 7,
    "24,0,-15": 7,
    "24,0,-14": 7,
    "24,0,-13": 7,
    "24,0,-12": 7,
    "24,0,-11": 7,
    "24,0,-10": 7,
    "24,0,-9": 7,
    "24,0,-8": 7,
    "24,0,-7": 7,
    "24,0,-6": 7,
    "24,0,-5": 7,
    "24,0,-4": 7,
    "24,0,-3": 7,
    "24,0,-2": 7,
    "24,0,-1": 7,
    "24,0,0": 7,
    "24,0,1": 7,
    "24,0,2": 7,
    "24,0,3": 7,
    "24,0,4": 7,
    "24,0,5": 7,
    "24,0,6": 7,
    "-21,1,19": 11,
    "-21,1,20": 11,
    "-21,1,21": 11,
    "-22,1,19": 11,
    "-22,1,20": 11,
    "-23,1,20": 11,
    "-21,2,19": 11,
    "-22,2,19": 11,
    "-22,2,20": 11,
    "-23,2,20": 11,
    "-21,3,19": 11,
    "-22,3,20": 11,
    "-22,3,21": 10,
    "-22,3,22": 10,
    "-23,3,21": 10,
    "-21,4,19": 11,
    "-21,4,20": 10,
    "-21,4,21": 10,
    "-21,4,22": 10,
    "-22,4,20": 11,
    "-22,4,23": 10,
    "-23,4,20": 10,
    "-23,4,21": 10,
    "-23,4,22": 10,
    "-24,4,21": 10,
    "-21,5,19": 11,
    "-21,5,20": 10,
    "-21,5,21": 10,
    "-22,5,20": 11,
    "-22,5,21": 10,
    "-22,5,22": 10,
    "-23,5,21": 10,
    "-23,5,22": 10,
    "-21,6,19": 11,
    "-21,6,21": 10,
    "-22,6,19": 10,
    "-22,6,20": 11,
    "-22,6,21": 10,
    "-23,6,20": 10,
    "-21,7,19": 11,
    "-21,7,20": 10,
    "-21,7,21": 10,
    "-21,7,22": 10,
    "-22,7,19": 10,
    "-22,7,20": 11,
    "-22,7,21": 10,
    "-23,7,19": 10,
    "-23,7,20": 10,
    "-23,7,21": 10,
    "-23,7,22": 10,
    "-23,7,23": 10,
    "-24,7,21": 10,
    "-24,7,22": 10,
    "-25,7,21": 10,
    "-25,7,22": 10,
    "-21,8,19": 11,
    "-21,8,20": 10,
    "-21,8,21": 10,
    "-22,8,20": 10,
    "-22,8,21": 10,
    "-22,8,22": 10,
    "-23,8,19": 10,
    "-23,8,20": 10,
    "-23,8,21": 11,
    "-23,8,22": 10,
    "-23,8,23": 10,
    "-24,8,20": 10,
    "-24,8,21": 10,
    "-24,8,22": 11,
    "-24,8,23": 10,
    "-25,8,20": 10,
    "-25,8,21": 10,
    "-25,8,23": 10,
    "-26,8,21": 10,
    "-26,8,22": 10,
    "-21,9,19": 11,
    "-23,9,19": 10,
    "-23,9,21": 10,
    "-24,9,21": 10,
    "-24,9,22": 10,
    "-24,9,23": 10,
    "-25,9,21": 10,
    "-25,9,22": 10,
    "-21,10,19": 11,
    "-21,10,20": 10,
    "-22,10,21": 10,
    "-22,10,22": 10,
    "-23,10,19": 10,
    "-23,10,21": 10,
    "-23,10,22": 10,
    "-24,10,20": 10,
    "-24,10,21": 10,
    "-24,10,22": 10,
    "-25,10,21": 10,
    "-25,10,22": 10,
    "-21,11,19": 10,
    "-21,11,20": 10,
    "-21,11,21": 10,
    "-22,11,19": 10,
    "-22,11,20": 10,
    "-22,11,21": 10,
    "-22,11,22": 10,
    "-23,11,19": 10,
    "-23,11,22": 10,
    "-24,11,19": 10,
    "-24,11,20": 10,
    "-24,11,22": 10,
    "-24,11,23": 10,
    "-25,11,20": 10,
    "-25,11,21": 10,
    "-21,12,19": 10,
    "-21,12,20": 10,
    "-21,12,21": 10,
    "-23,12,20": 10,
    "-23,12,21": 10,
    "-24,12,21": 10,
    "-24,12,22": 10,
    "-20,1,19": 11,
    "-18,6,21": 10,
    "-19,6,20": 10,
    "-19,6,21": 10,
    "-19,6,22": 10,
    "-19,6,23": 10,
    "-20,6,19": 10,
    "-20,6,21": 10,
    "-20,6,22": 10,
    "-17,7,21": 10,
    "-18,7,20": 10,
    "-18,7,21": 10,
    "-18,7,22": 10,
    "-18,7,23": 10,
    "-19,7,20": 10,
    "-19,7,23": 10,
    "-19,7,24": 10,
    "-20,7,19": 10,
    "-20,7,22": 10,
    "-20,7,23": 10,
    "-18,8,21": 10,
    "-18,8,22": 10,
    "-19,8,20": 10,
    "-19,8,21": 10,
    "-19,8,22": 10,
    "-19,8,23": 10,
    "-20,8,20": 10,
    "-20,8,21": 10,
    "-20,8,22": 10,
    "-20,8,23": 10,
    "-19,9,19": 10,
    "-19,9,20": 10,
    "-19,9,22": 10,
    "-19,9,23": 10,
    "-20,9,19": 10,
    "-20,9,20": 10,
    "-20,9,22": 10,
    "-18,10,19": 10,
    "-19,10,19": 10,
    "-19,10,20": 10,
    "-20,10,19": 11,
    "-20,10,20": 10,
    "-18,11,19": 10,
    "-18,11,20": 10,
    "-19,11,20": 10,
    "-19,11,21": 10,
    "-20,11,19": 11,
    "-20,11,20": 10,
    "-20,11,21": 10,
    "-17,12,19": 10,
    "-18,12,20": 10,
    "-18,12,21": 10,
    "-19,12,19": 11,
    "-19,12,21": 10,
    "-20,12,19": 10,
    "-20,12,20": 10,
    "-19,13,19": 10,
    "-19,13,20": 10,
    "-19,7,18": 10,
    "-20,7,18": 10,
    "-20,8,17": 10,
    "-20,8,18": 10,
    "-18,9,18": 10,
    "-19,9,18": 10,
    "-20,9,17": 10,
    "-20,9,18": 10,
    "-18,10,17": 10,
    "-19,10,17": 10,
    "-19,10,18": 10,
    "-20,10,16": 10,
    "-18,11,17": 10,
    "-18,11,18": 10,
    "-19,11,16": 10,
    "-19,11,18": 10,
    "-20,11,16": 10,
    "-20,11,18": 10,
    "-18,12,18": 10,
    "-19,12,17": 10,
    "-19,12,18": 10,
    "-20,12,17": 10,
    "-20,12,18": 10,
    "-22,1,18": 11,
    "-21,6,17": 10,
    "-21,6,18": 10,
    "-22,6,18": 10,
    "-21,7,17": 10,
    "-21,7,18": 11,
    "-22,7,16": 10,
    "-22,7,17": 10,
    "-22,7,18": 11,
    "-23,7,15": 10,
    "-23,7,16": 10,
    "-23,7,17": 10,
    "-23,7,18": 10,
    "-24,7,15": 10,
    "-24,7,16": 10,
    "-24,7,17": 10,
    "-21,8,17": 10,
    "-22,8,16": 10,
    "-22,8,17": 11,
    "-22,8,18": 10,
    "-23,8,15": 10,
    "-23,8,17": 11,
    "-23,8,18": 10,
    "-24,8,15": 10,
    "-24,8,17": 10,
    "-24,8,18": 10,
    "-25,8,16": 10,
    "-25,8,17": 10,
    "-21,9,18": 10,
    "-22,9,16": 10,
    "-22,9,17": 10,
    "-22,9,18": 10,
    "-23,9,16": 10,
    "-23,9,17": 10,
    "-24,9,16": 10,
    "-24,9,17": 10,
    "-21,10,16": 10,
    "-21,10,17": 10,
    "-22,10,18": 10,
    "-21,11,17": 10,
    "-21,11,18": 10,
    "-22,11,18": 10,
    "21,0,-22": 7,
    "22,0,-22": 7,
    "21,1,-22": 11,
    "21,2,-22": 11,
    "21,3,-22": 11,
    "21,4,-23": 10,
    "21,4,-22": 11,
    "21,4,-21": 10,
    "21,5,-22": 11,
    "21,5,-21": 10,
    "20,5,-23": 10,
    "20,5,-22": 11,
    "20,5,-21": 10,
    "19,5,-22": 10,
    "19,5,-21": 10,
    "19,5,-20": 10,
    "21,6,-23": 10,
    "21,6,-22": 11,
    "21,6,-21": 10,
    "21,6,-20": 10,
    "20,6,-21": 10,
    "20,6,-20": 10,
    "20,6,-19": 10,
    "19,6,-23": 10,
    "19,6,-21": 11,
    "19,6,-19": 10,
    "18,6,-22": 10,
    "18,6,-21": 11,
    "18,6,-20": 10,
    "18,6,-19": 10,
    "17,6,-22": 10,
    "17,6,-21": 10,
    "17,6,-20": 10,
    "21,7,-23": 10,
    "21,7,-22": 11,
    "20,7,-23": 10,
    "20,7,-22": 10,
    "20,7,-21": 10,
    "20,7,-20": 10,
    "19,7,-22": 10,
    "19,7,-21": 10,
    "19,7,-20": 10,
    "19,7,-19": 10,
    "18,7,-22": 10,
    "18,7,-21": 10,
    "18,7,-20": 10,
    "18,7,-19": 10,
    "17,7,-21": 10,
    "21,8,-23": 11,
    "21,8,-22": 11,
    "21,8,-20": 10,
    "20,8,-23": 10,
    "20,8,-21": 10,
    "19,8,-23": 10,
    "21,9,-22": 11,
    "21,9,-21": 10,
    "20,9,-23": 10,
    "20,9,-22": 10,
    "20,9,-21": 10,
    "19,9,-23": 10,
    "19,9,-22": 10,
    "19,9,-21": 10,
    "18,9,-23": 10,
    "18,9,-22": 10,
    "21,10,-23": 10,
    "21,10,-22": 10,
    "21,10,-21": 10,
    "20,10,-22": 11,
    "20,10,-20": 10,
    "19,10,-22": 10,
    "19,10,-20": 10,
    "18,10,-23": 10,
    "18,10,-22": 10,
    "18,10,-21": 10,
    "18,10,-20": 10,
    "18,10,-19": 10,
    "17,10,-21": 10,
    "17,10,-20": 10,
    "21,11,-23": 10,
    "20,11,-23": 10,
    "20,11,-22": 10,
    "20,11,-21": 10,
    "19,11,-23": 10,
    "19,11,-22": 10,
    "19,11,-21": 11,
    "19,11,-20": 10,
    "19,11,-19": 10,
    "18,11,-23": 10,
    "18,11,-21": 10,
    "18,11,-20": 11,
    "18,11,-19": 10,
    "17,11,-20": 10,
    "17,11,-19": 10,
    "16,11,-20": 10,
    "20,12,-22": 10,
    "20,12,-21": 10,
    "19,12,-22": 10,
    "19,12,-21": 10,
    "19,12,-20": 10,
    "18,12,-20": 10,
    "18,12,-19": 10,
    "22,1,-22": 11,
    "22,1,-21": 11,
    "22,2,-22": 11,
    "22,3,-22": 11,
    "23,4,-23": 10,
    "23,4,-22": 10,
    "22,4,-23": 10,
    "22,4,-22": 11,
    "24,5,-21": 10,
    "24,5,-20": 10,
    "23,5,-23": 10,
    "23,5,-22": 10,
    "23,5,-21": 10,
    "22,5,-23": 10,
    "22,5,-22": 11,
    "22,5,-21": 10,
    "25,6,-21": 10,
    "25,6,-20": 10,
    "24,6,-22": 10,
    "24,6,-20": 11,
    "24,6,-19": 10,
    "23,6,-23": 10,
    "23,6,-21": 11,
    "23,6,-20": 10,
    "23,6,-19": 10,
    "22,6,-23": 10,
    "22,6,-21": 10,
    "24,7,-21": 10,
    "24,7,-20": 10,
    "24,7,-19": 10,
    "23,7,-22": 10,
    "23,7,-21": 10,
    "22,7,-22": 10,
    "22,7,-20": 10,
    "24,8,-21": 10,
    "24,8,-20": 10,
    "23,8,-22": 10,
    "23,8,-20": 10,
    "22,8,-23": 10,
    "22,8,-22": 10,
    "22,8,-20": 10,
    "25,9,-23": 10,
    "25,9,-20": 10,
    "24,9,-21": 10,
    "24,9,-19": 10,
    "23,9,-23": 10,
    "23,9,-22": 10,
    "23,9,-19": 10,
    "22,9,-23": 11,
    "22,9,-22": 10,
    "22,9,-21": 10,
    "22,9,-20": 10,
    "26,10,-23": 10,
    "25,10,-23": 10,
    "25,10,-22": 10,
    "24,10,-23": 10,
    "24,10,-20": 10,
    "23,10,-23": 10,
    "23,10,-21": 10,
    "23,10,-20": 10,
    "22,10,-23": 10,
    "24,11,-23": 10,
    "23,4,-24": 10,
    "22,4,-25": 10,
    "22,4,-24": 10,
    "24,5,-24": 10,
    "23,5,-25": 10,
    "23,5,-24": 10,
    "22,5,-26": 10,
    "22,6,-25": 10,
    "22,6,-24": 10,
    "23,8,-25": 10,
    "23,8,-24": 10,
    "22,8,-24": 10,
    "25,9,-25": 10,
    "25,9,-24": 10,
    "24,9,-26": 10,
    "24,9,-25": 10,
    "24,9,-24": 10,
    "23,9,-26": 10,
    "23,9,-25": 10,
    "22,9,-26": 10,
    "22,9,-25": 10,
    "26,10,-25": 10,
    "26,10,-24": 10,
    "25,10,-26": 10,
    "25,10,-25": 10,
    "24,10,-25": 10,
    "24,10,-24": 11,
    "23,10,-25": 10,
    "23,10,-24": 11,
    "22,10,-24": 10,
    "25,11,-24": 10,
    "24,11,-24": 10,
    "23,11,-24": 10,
    "21,4,-24": 10,
    "21,5,-26": 10,
    "21,5,-25": 10,
    "20,5,-24": 10,
    "21,6,-24": 10,
    "21,8,-24": 10,
    "20,8,-24": 10,
    "21,9,-25": 10,
    "21,9,-24": 10,
    "20,9,-24": 10,
    "19,9,-25": 10,
    "19,9,-24": 10,
    "21,10,-24": 10,
    "20,10,-25": 10,
    "20,10,-24": 10,
    "19,10,-26": 10,
    "19,10,-25": 10,
    "18,10,-25": 10,
    "18,10,-24": 10,
    "20,11,-24": 10,
    "19,11,-25": 10,
    "19,11,-24": 10,
    "21,1,21": 14,
    "21,2,21": 14,
    "21,3,21": 14,
    "22,4,21": 13,
    "21,4,21": 14,
    "20,4,21": 13,
    "19,4,21": 13,
    "22,4,20": 13,
    "18,4,20": 13,
    "22,4,18": 13,
    "21,4,18": 13,
    "22,5,21": 14,
    "21,5,21": 14,
    "20,5,21": 14,
    "19,5,21": 14,
    "18,5,21": 13,
    "22,5,20": 13,
    "21,5,20": 13,
    "20,5,20": 13,
    "19,5,20": 13,
    "18,5,20": 13,
    "22,5,19": 13,
    "21,5,19": 13,
    "20,5,19": 13,
    "19,5,19": 13,
    "21,5,18": 13,
    "20,5,18": 13,
    "22,6,21": 13,
    "21,6,21": 14,
    "20,6,21": 13,
    "19,6,21": 13,
    "22,6,20": 13,
    "21,6,20": 13,
    "20,6,20": 13,
    "19,6,20": 13,
    "22,6,19": 13,
    "21,6,19": 13,
    "20,6,19": 13,
    "22,6,18": 13,
    "22,7,21": 13,
    "21,7,21": 14,
    "20,7,21": 13,
    "19,7,21": 13,
    "18,7,21": 13,
    "22,7,20": 13,
    "21,7,20": 13,
    "20,7,20": 13,
    "18,7,20": 13,
    "22,7,19": 13,
    "21,7,19": 13,
    "20,7,19": 13,
    "21,7,18": 13,
    "22,8,21": 13,
    "21,8,21": 14,
    "20,8,21": 13,
    "19,8,21": 13,
    "22,8,20": 13,
    "21,8,20": 13,
    "20,8,20": 13,
    "22,8,19": 13,
    "20,8,19": 13,
    "22,8,18": 13,
    "22,9,21": 13,
    "21,9,21": 14,
    "20,9,21": 13,
    "19,9,21": 13,
    "22,9,20": 13,
    "21,9,20": 13,
    "20,9,20": 13,
    "19,9,20": 13,
    "21,9,19": 13,
    "19,9,19": 13,
    "21,9,18": 13,
    "22,10,21": 13,
    "21,10,21": 14,
    "20,10,21": 13,
    "22,10,20": 13,
    "21,10,20": 13,
    "20,10,20": 13,
    "22,10,19": 13,
    "22,11,21": 13,
    "21,11,21": 14,
    "20,11,21": 13,
    "22,11,20": 13,
    "21,11,20": 13,
    "20,11,20": 13,
    "22,11,19": 13,
    "21,11,19": 13,
    "22,12,21": 13,
    "21,12,21": 14,
    "20,12,21": 13,
    "22,12,20": 13,
    "21,12,20": 13,
    "21,12,19": 13,
    "22,13,21": 13,
    "21,13,21": 14,
    "20,13,21": 13,
    "21,13,20": 13,
    "21,14,21": 13,
    "21,15,21": 13,
    "21,4,23": 13,
    "22,4,22": 13,
    "21,4,22": 13,
    "20,4,22": 13,
    "22,5,24": 13,
    "21,5,24": 13,
    "22,5,23": 13,
    "21,5,23": 13,
    "20,5,23": 13,
    "19,5,23": 13,
    "22,5,22": 13,
    "21,5,22": 13,
    "20,5,22": 13,
    "19,5,22": 13,
    "18,5,22": 13,
    "22,6,23": 13,
    "21,6,23": 13,
    "20,6,23": 13,
    "22,6,22": 13,
    "21,6,22": 13,
    "20,6,22": 13,
    "19,6,22": 13,
    "20,7,23": 13,
    "22,7,22": 13,
    "21,7,22": 13,
    "20,7,22": 13,
    "22,8,23": 13,
    "21,8,23": 13,
    "22,8,22": 13,
    "21,8,22": 13,
    "20,8,22": 13,
    "19,8,22": 13,
    "21,9,23": 13,
    "20,9,23": 13,
    "22,9,22": 13,
    "21,9,22": 13,
    "20,9,22": 13,
    "21,10,23": 13,
    "20,10,23": 13,
    "22,10,22": 13,
    "21,10,22": 13,
    "20,10,22": 13,
    "19,10,22": 13,
    "21,11,23": 13,
    "22,11,22": 13,
    "21,11,22": 13,
    "20,11,22": 13,
    "21,12,22": 13,
    "21,13,22": 13,
    "23,4,22": 13,
    "23,5,23": 13,
    "24,5,22": 13,
    "23,5,22": 13,
    "23,6,22": 13,
    "23,7,23": 13,
    "23,8,22": 13,
    "23,9,22": 13,
    "23,10,22": 13,
    "25,3,21": 13,
    "24,3,21": 13,
    "24,4,21": 13,
    "23,4,21": 13,
    "23,4,19": 13,
    "23,4,18": 13,
    "24,5,21": 13,
    "23,5,21": 13,
    "24,5,20": 13,
    "23,5,20": 13,
    "23,5,19": 13,
    "23,6,21": 13,
    "24,6,20": 13,
    "23,6,20": 14,
    "24,6,19": 13,
    "23,6,19": 13,
    "23,6,18": 13,
    "24,7,21": 13,
    "23,7,21": 13,
    "24,7,20": 13,
    "23,7,20": 13,
    "23,7,19": 13,
    "24,8,21": 13,
    "23,8,21": 13,
    "23,8,20": 13,
    "23,9,21": 13,
    "24,9,20": 13,
    "23,9,20": 13,
    "23,9,19": 13,
    "24,10,21": 13,
    "23,10,21": 13,
    "23,10,20": 13,
    "23,11,21": 13,
    "-21,1,-22": 14,
    "-21,2,-22": 14,
    "-21,3,-22": 14,
    "-21,4,-22": 14,
    "-21,4,-21": 13,
    "-21,4,-20": 13,
    "-21,4,-19": 13,
    "-22,4,-22": 13,
    "-22,4,-21": 13,
    "-22,4,-20": 13,
    "-23,4,-22": 13,
    "-23,4,-21": 13,
    "-23,4,-20": 13,
    "-24,4,-21": 13,
    "-24,4,-20": 13,
    "-21,5,-22": 14,
    "-21,5,-21": 13,
    "-21,5,-20": 13,
    "-22,5,-22": 13,
    "-22,5,-21": 13,
    "-22,5,-20": 13,
    "-23,5,-22": 13,
    "-23,5,-21": 13,
    "-21,6,-22": 14,
    "-21,6,-21": 13,
    "-22,6,-22": 13,
    "-21,7,-22": 14,
    "-21,7,-21": 13,
    "-21,7,-20": 13,
    "-21,7,-19": 13,
    "-22,7,-22": 13,
    "-22,7,-21": 13,
    "-23,7,-22": 13,
    "-24,7,-22": 13,
    "-21,8,-22": 14,
    "-21,8,-21": 13,
    "-21,8,-20": 13,
    "-22,8,-22": 13,
    "-22,8,-21": 13,
    "-23,8,-22": 13,
    "-21,9,-22": 14,
    "-21,9,-21": 13,
    "-22,9,-22": 13,
    "-21,10,-22": 14,
    "-21,10,-21": 13,
    "-21,10,-20": 13,
    "-21,11,-22": 14,
    "-21,11,-21": 13,
    "-22,11,-22": 13,
    "-22,11,-21": 13,
    "-23,11,-22": 13,
    "-21,12,-22": 14,
    "-21,12,-21": 13,
    "-22,12,-22": 13,
    "-21,13,-22": 14,
    "-21,13,-21": 13,
    "-22,13,-22": 13,
    "-21,14,-22": 13,
    "-21,15,-22": 13,
    "-20,3,-22": 13,
    "-18,4,-22": 13,
    "-19,4,-22": 13,
    "-19,4,-21": 13,
    "-19,4,-20": 13,
    "-20,4,-22": 13,
    "-20,4,-21": 13,
    "-20,4,-20": 13,
    "-20,4,-19": 13,
    "-19,5,-22": 13,
    "-20,5,-22": 13,
    "-20,5,-21": 13,
    "-20,5,-20": 13,
    "-18,6,-22": 13,
    "-19,6,-22": 13,
    "-19,6,-21": 13,
    "-20,6,-22": 13,
    "-20,6,-21": 13,
    "-20,6,-20": 13,
    "-20,7,-22": 13,
    "-20,8,-22": 13,
    "-20,8,-21": 13,
    "-20,10,-22": 13,
    "-19,11,-22": 13,
    "-20,11,-22": 13,
    "-20,11,-21": 13,
    "-20,12,-22": 13,
    "-20,13,-22": 13,
    "-20,4,-23": 13,
    "-19,5,-23": 13,
    "-20,5,-24": 13,
    "-20,5,-23": 13,
    "-19,6,-23": 13,
    "-20,7,-23": 13,
    "-20,8,-23": 13,
    "-20,10,-23": 13,
    "-21,4,-25": 13,
    "-21,4,-24": 13,
    "-21,4,-23": 13,
    "-22,4,-24": 13,
    "-22,4,-23": 13,
    "-23,4,-23": 13,
    "-21,5,-24": 13,
    "-21,5,-23": 13,
    "-22,5,-23": 13,
    "-21,6,-24": 13,
    "-21,6,-23": 13,
    "-22,6,-24": 13,
    "-22,6,-23": 13,
    "-21,7,-23": 13,
    "-21,8,-24": 13,
    "-21,8,-23": 13,
    "-22,8,-23": 13,
    "-21,9,-23": 13,
    "-21,10,-24": 13,
    "-21,10,-23": 13,
    "-21,11,-23": 13,
    "-21,12,-23": 13,
    "-22,12,-23": 13,
    "-21,13,-23": 13,
    "12,0,23": 7,
    "12,0,24": 7,
    "18,0,15": 7,
    "19,0,15": 7,
    "20,0,15": 7,
    "21,0,15": 7,
    "23,0,15": 7,
    "23,0,16": 7,
    "13,0,23": 7,
    "14,0,23": 7,
    "13,0,24": 7,
    "14,0,24": 7,
    "16,0,17": 6,
    "16,0,18": 6,
    "16,0,19": 6,
    "17,0,17": 6,
    "17,0,18": 6,
    "15,0,19": 6,
    "15,0,20": 6,
    "15,0,21": 6,
    "16,0,21": 6,
    "14,0,19": 6,
    "14,0,20": 6,
    "14,0,21": 6,
    "14,0,22": 6,
    "15,0,22": 6,
    "16,0,22": 6,
    "13,0,20": 6,
    "13,0,21": 6,
    "13,0,22": 6,
    "15,0,23": 6,
    "16,0,23": 6,
    "15,0,24": 6,
    "16,0,24": 6,
    "21,0,20": 6,
    "21,0,21": 6,
    "21,0,22": 6,
    "22,0,21": 6,
    "22,0,22": 6,
    "22,0,24": 6,
    "23,0,22": 6,
    "23,0,23": 6,
    "23,0,24": 6,
    "23,0,21": 6,
    "22,0,20": 6,
    "23,0,17": 6,
    "23,0,18": 6,
    "23,0,19": 6,
    "24,0,17": 6,
    "24,0,18": 6,
    "24,0,19": 6,
    "23,0,20": 6,
    "24,0,22": 6,
    "24,0,23": 6,
    "24,0,24": 6,
    "24,0,21": 6,
    "24,0,20": 6,
    "22,0,13": 6,
    "23,0,13": 6,
    "23,0,14": 6,
    "24,0,13": 6,
    "24,0,14": 6,
    "24,0,15": 6,
    "20,0,12": 6,
    "20,0,13": 6,
    "20,0,14": 6,
    "21,0,12": 6,
    "21,0,13": 6,
    "21,0,14": 6,
    "20,0,11": 6,
    "21,0,11": 6,
    "22,0,11": 6,
    "22,0,12": 6,
    "21,0,10": 6,
    "22,0,10": 6,
    "23,0,9": 6,
    "23,0,10": 6,
    "23,0,11": 6,
    "23,0,12": 6,
    "24,0,11": 6,
    "24,0,12": 6,
    "24,0,10": 6,
    "24,0,9": 6,
    "23,0,8": 6,
    "24,0,8": 6,
    "24,0,7": 6,
    "24,0,16": 6,
    "20,0,17": 6,
    "20,0,18": 6,
    "20,0,19": 6,
    "21,0,18": 6,
    "21,0,19": 6,
    "22,0,18": 6,
    "22,0,19": 6,
    "20,0,16": 6,
    "19,0,16": 6,
    "19,0,17": 6,
    "19,0,18": 6,
    "18,0,16": 6,
    "18,0,17": 6,
    "18,0,18": 6,
    "17,0,19": 6,
    "18,0,19": 6,
    "19,0,19": 6,
    "17,0,20": 6,
    "18,0,20": 6,
    "19,0,20": 6,
    "17,0,21": 6,
    "18,0,21": 6,
    "19,0,21": 6,
    "18,0,22": 6,
    "17,0,23": 6,
    "-18,0,-25": 6,
    "-18,0,-24": 6,
    "-18,0,-23": 6,
    "-17,0,-25": 6,
    "-17,0,-24": 6,
    "-16,0,-25": 6,
    "-15,0,-25": 6,
    "-15,0,-24": 6,
    "-15,0,-23": 6,
    "-14,0,-25": 6,
    "-14,0,-24": 6,
    "-14,0,-23": 6,
    "-13,0,-25": 6,
    "-13,0,-24": 6,
    "-13,0,-23": 6,
    "-14,0,-22": 6,
    "-13,0,-22": 6,
    "-12,0,-23": 6,
    "-12,0,-22": 6,
    "-14,0,-21": 6,
    "-13,0,-21": 6,
    "-12,0,-21": 6,
    "-15,0,-21": 6,
    "-16,0,-20": 6,
    "-15,0,-20": 6,
    "-16,0,-19": 6,
    "-15,0,-19": 6,
    "-14,0,-20": 6,
    "-14,0,-19": 6,
    "-13,0,-20": 6,
    "-13,0,-19": 6,
    "-15,0,-18": 6,
    "-14,0,-18": 6,
    "-12,0,-20": 6,
    "-12,0,-19": 6,
    "-16,0,-18": 6,
    "-16,0,-17": 6,
    "-15,0,-17": 6,
    "-17,0,-17": 6,
    "-18,0,-16": 6,
    "-17,0,-16": 6,
    "-16,0,-16": 6,
    "-18,0,-15": 6,
    "-17,0,-15": 6,
    "-16,0,-15": 6,
    "-18,0,-14": 6,
    "-17,0,-14": 6,
    "-16,0,-14": 6,
    "-18,0,-13": 6,
    "-17,0,-13": 6,
    "-15,0,-15": 6,
    "-15,0,-16": 6,
    "-19,0,-16": 6,
    "-19,0,-15": 6,
    "-19,0,-14": 6,
    "-19,0,-13": 6,
    "-19,0,-12": 6,
    "-20,0,-16": 6,
    "-20,0,-15": 6,
    "-20,0,-14": 6,
    "-20,0,-13": 6,
    "-21,0,-15": 6,
    "-21,0,-14": 6,
    "-21,0,-13": 6,
    "-21,0,-12": 6,
    "-20,0,-12": 6,
    "-21,0,-11": 6,
    "-20,0,-11": 6,
    "-19,0,-11": 6,
    "-22,0,-12": 6,
    "-22,0,-11": 6,
    "-22,0,-10": 6,
    "-21,0,-10": 6,
    "-22,0,-9": 6,
    "-21,0,-9": 6,
    "-22,0,-13": 6,
    "-23,0,-11": 6,
    "-23,0,-10": 6,
    "-23,0,-9": 6,
    "-23,0,-8": 6,
    "-22,0,-8": 6,
    "-23,0,-7": 6,
    "-22,0,-7": 6,
    "-24,0,-8": 6,
    "-24,0,-7": 6,
    "-22,0,-14": 6,
    "-22,0,-15": 6,
    "-21,0,-16": 6,
    "-22,0,-16": 6,
    "-23,0,-12": 6,
    "-24,0,-9": 6,
    "-25,0,-9": 6,
    "-25,0,-8": 6,
    "-24,0,-14": 6,
    "-23,0,-14": 6,
    "-24,0,-15": 6,
    "-23,0,-16": 6,
    "-22,0,-21": 6,
    "-22,0,-22": 6,
    "-22,0,-23": 6,
    "-21,0,-23": 6,
    "-22,0,-24": 6,
    "-21,0,-24": 6,
    "-23,0,-25": 6,
    "-23,0,-24": 6,
    "-23,0,-23": 6,
    "-22,0,-25": 6,
    "-21,0,-25": 6,
    "-24,0,-25": 6,
    "-24,0,-24": 6,
    "-24,0,-23": 6,
    "-25,0,-25": 6,
    "-25,0,-24": 6,
    "-25,0,-23": 6,
    "-25,0,-22": 6,
    "-24,0,-22": 6,
    "-25,0,-21": 6,
    "-25,0,-20": 6,
    "-24,0,-20": 6,
    "-25,0,-19": 6,
    "-24,0,-19": 6,
    "-24,0,-18": 6,
    "-24,0,-17": 6,
    "-23,0,-17": 6,
    "-22,0,-17": 6,
    "-25,0,-18": 6,
    "-25,0,-17": 6,
    "-23,0,-19": 6,
    "-23,0,-18": 6,
    "-22,0,-19": 6,
    "-22,0,-18": 6,
    "-21,0,-19": 6,
    "-21,0,-18": 6,
    "-20,0,-19": 6,
    "-20,0,-18": 6,
    "-20,0,-17": 6,
    "-20,0,-20": 6,
    "-21,0,-21": 6,
    "-20,0,-21": 6,
    "-19,0,-19": 6,
    "-19,0,-18": 6,
    "-19,0,-17": 6,
    "-18,0,-19": 6,
    "-18,0,-18": 6,
    "-18,0,-17": 6,
    "-19,0,-20": 6,
    "-18,0,-20": 6,
    "-19,0,-21": 6,
    "-21,0,-22": 6,
    "-20,0,-22": 6,
    "-19,0,-22": 6,
    "-17,0,-19": 6,
    "-17,0,-18": 6,
    "-17,0,-20": 6,
    "-23,0,-22": 8,
    "-23,0,-21": 8,
    "-24,0,-21": 8,
    "-23,0,-20": 8,
    "-22,0,-20": 8,
    "-21,0,-20": 8,
    "-23,0,-15": 8,
    "-25,0,-15": 8,
    "-25,0,-14": 8,
    "-25,0,-13": 8,
    "-24,0,-13": 8,
    "-24,0,-12": 8,
    "-23,0,-13": 8,
    "-24,0,-11": 8,
    "-25,0,-11": 8,
    "-25,0,-10": 8,
    "-25,0,-12": 8,
    "-24,0,-10": 8,
    "-16,0,-23": 8,
    "-16,0,-24": 8,
    "-17,0,-23": 8,
    "-17,0,-22": 8,
    "-17,0,-21": 8,
    "-16,0,-21": 8,
    "-16,0,-22": 8,
    "-15,0,-22": 8,
    "20,0,24": 8,
    "19,0,24": 8,
    "18,0,24": 8,
    "17,0,24": 8,
    "19,0,23": 8,
    "20,0,23": 8,
    "19,0,22": 8,
    "18,0,23": 8,
    "17,0,22": 8,
    "16,0,20": 8,
    "22,0,16": 8,
    "22,0,17": 8,
    "22,0,14": 8,
    "22,0,15": 8,
    "21,0,16": 8,
    "21,0,17": 8,
    "23,0,-22": 9,
    "22,0,-21": 9,
    "22,0,-20": 9,
    "23,0,-20": 9,
    "23,0,-21": 9,
    "22,0,-19": 9,
    "21,0,-19": 9,
    "20,0,-19": 9,
    "20,0,-18": 9,
    "21,0,-16": 9,
    "22,0,-17": 9,
    "20,0,-15": 9,
    "21,0,-14": 9,
    "19,0,-15": 9,
    "21,0,-15": 9,
    "22,0,-16": 9,
    "22,0,-15": 9,
    "22,0,-14": 9,
    "23,0,-16": 9,
    "17,0,-24": 9,
    "16,0,-24": 9,
    "16,0,-23": 9,
    "17,0,-23": 9,
    "14,0,-23": 9,
    "13,0,-23": 9,
    "14,0,-22": 9,
    "15,0,-22": 9,
    "12,0,-21": 9,
    "14,0,-21": 9,
    "15,0,-21": 9,
    "14,0,-20": 9,
    "16,0,-21": 9,
    "16,0,-22": 9,
    "17,0,-22": 9,
    "15,0,-20": 9,
    "15,0,-19": 9,
    "16,0,-20": 9,
    "16,0,-18": 9,
    "-25,0,24": 9,
    "-24,0,23": 9,
    "-24,0,22": 9,
    "-25,0,23": 9,
    "-25,0,22": 9,
    "-25,0,15": 9,
    "-25,0,13": 9,
    "-24,0,16": 9,
    "-23,0,15": 9,
    "-24,0,15": 9,
    "-24,0,17": 9,
    "-23,0,16": 9,
    "-22,0,15": 9,
    "-22,0,16": 9,
    "-22,0,17": 9,
    "-21,0,15": 9,
    "-22,0,13": 9,
    "-23,0,12": 9,
    "-23,0,14": 9,
    "-20,0,13": 9,
    "-19,0,12": 9,
    "-18,0,12": 9,
    "-19,0,11": 9,
    "-17,0,14": 9,
    "-17,0,12": 9,
    "-17,0,11": 9,
    "-20,0,12": 9,
    "-19,0,15": 9,
    "-16,0,15": 9,
    "-15,0,15": 9,
    "-16,0,14": 9,
    "-16,0,13": 9,
    "-15,0,16": 9,
    "-14,0,16": 9,
    "-19,0,16": 9,
    "-17,0,17": 9,
    "-15,0,18": 9,
    "-15,0,17": 9,
    "-16,0,16": 9,
    "-20,0,15": 9,
    "-20,0,16": 9,
    "-16,0,18": 9,
    "-13,0,19": 9,
    "-14,0,18": 9,
    "-11,0,19": 9,
    "-12,0,18": 9,
    "-20,0,24": 9,
    "-20,0,23": 9,
    "-20,0,22": 9,
    "-20,0,21": 9,
    "-19,0,23": 9,
    "-18,0,22": 9,
    "-15,0,22": 9,
    "-18,0,23": 9,
    "-17,0,24": 9,
    "-16,0,24": 9,
    "-15,0,24": 9,
    "-14,0,23": 9,
    "-15,0,23": 9,
    "-15,0,20": 9,
    "-11,0,21": 9,
    "-11,0,20": 9,
    "-12,0,22": 9,
    "-10,0,23": 9,
    "-21,0,21": 9,
    "-21,1,12": 15,
    "-20,1,12": 15,
    "-9,1,22": 15,
    "-8,1,22": 15,
    "-8,1,21": 15,
    "-7,1,21": 15,
    "-9,1,21": 15,
    "-7,1,20": 5,
    "-20,1,13": 5,
    "-19,1,13": 5,
    "-8,1,20": 4,
    "-9,2,22": 1,
    "11,1,1": 3,
    "11,1,0": 3,
    "12,1,0": 3,
    "12,1,1": 3,
    "-7,1,0": 15,
    "-7,1,-1": 15,
    "-7,1,-2": 15,
    "-7,2,-2": 15,
    "-7,2,-1": 15,
    "-7,3,-2": 15,
    "-5,0,-12": 12,
    "-4,0,-12": 12,
    "-3,0,-12": 12,
    "-2,0,-12": 12,
    "-2,0,-13": 12,
    "-1,0,-13": 12,
    "0,0,-13": 12,
    "0,0,-18": 12,
    "-1,0,-19": 12,
    "-3,0,-20": 12,
    "-9,0,-15": 12,
    "-8,0,-14": 12,
    "-7,0,-13": 12,
    "-6,0,-13": 12,
    "-2,0,-19": 12,
    "-9,-1,-15": 12,
    "-9,-2,-15": 12,
    "-9,-2,-16": 12,
    "-8,-2,-15": 12,
    "-8,-2,-16": 12,
    "-7,-2,-16": 12,
    "-7,-2,-15": 12,
    "-6,-2,-16": 12,
    "-6,-2,-15": 12,
    "-5,-2,-16": 12,
    "-5,-2,-15": 12,
    "-4,-2,-16": 12,
    "-4,-2,-15": 12,
    "-3,-2,-15": 12,
    "-3,-2,-16": 12,
    "-2,-2,-16": 12,
    "-2,-2,-15": 12,
    "-8,-2,-14": 12,
    "-7,-2,-14": 12,
    "-6,-2,-14": 12,
    "-5,-2,-14": 12,
    "-4,-2,-14": 12,
    "-3,-2,-14": 12,
    "-4,-2,-13": 12,
    "-3,-2,-13": 12,
    "-5,-2,-13": 12,
    "-2,-2,-14": 12,
    "-1,-2,-16": 12,
    "-1,-2,-15": 12,
    "-8,-2,-17": 12,
    "-7,-2,-17": 12,
    "-6,-2,-17": 12,
    "-5,-2,-17": 12,
    "-4,-2,-17": 12,
    "-3,-2,-17": 12,
    "-2,-2,-17": 12,
    "-1,-2,-17": 12,
    "-1,-2,-18": 12,
    "-2,-2,-18": 12,
    "-3,-2,-18": 12,
    "-4,-2,-18": 12,
    "0,-1,-18": 12,
    "-1,-1,-18": 12,
    "0,-1,-17": 12,
    "0,-1,-16": 12,
    "0,-1,-15": 12,
    "0,-1,-14": 12,
    "-1,-1,-14": 12,
    "-2,-1,-14": 12,
    "-2,-1,-13": 12,
    "-3,-1,-13": 12,
    "-4,-1,-13": 12,
    "-5,-1,-13": 12,
    "-6,-1,-14": 12,
    "-7,-1,-14": 12,
    "-8,-1,-15": 12,
    "-9,-1,-16": 12,
    "-8,-1,-17": 12,
    "-7,-2,-18": 12,
    "-6,-2,-18": 12,
    "-5,-2,-18": 12,
    "-6,-2,-19": 12,
    "-5,-2,-19": 12,
    "-4,-2,-19": 12,
    "-3,-2,-19": 12,
    "-2,-2,-19": 12,
    "-1,-1,-19": 12,
    "-2,-1,-20": 12,
    "-3,-1,-20": 12,
    "-4,-1,-20": 12,
    "-8,-1,-18": 12,
    "-7,-2,-19": 12,
    "-8,-1,-19": 12,
    "-7,-1,-19": 12,
    "-6,-1,-19": 12,
    "-5,-1,-19": 12,
    "-7,-1,-18": 12,
    "-8,-1,-16": 12,
    "-7,-1,-15": 16,
    "-7,-1,-16": 16,
    "-7,-1,-17": 16,
    "-6,-1,-16": 16,
    "-6,-1,-17": 16,
    "-6,-1,-18": 16,
    "-5,-1,-18": 16,
    "-5,-1,-17": 16,
    "-5,-1,-16": 16,
    "-4,-1,-16": 16,
    "-4,-1,-15": 16,
    "-3,-1,-15": 16,
    "-3,-1,-16": 16,
    "-4,-1,-17": 16,
    "-4,-1,-18": 16,
    "-6,-1,-15": 16,
    "-5,-1,-14": 16,
    "-4,-1,-14": 16,
    "-5,-1,-15": 16,
    "-3,-1,-14": 16,
    "-3,-1,-17": 16,
    "-3,-1,-18": 16,
    "-3,-1,-19": 16,
    "-2,-1,-16": 16,
    "-2,-1,-15": 16,
    "-2,-1,-17": 16,
    "-1,-1,-15": 16,
    "-1,-1,-16": 16,
    "-1,-1,-17": 16,
    "-2,-1,-18": 16,
    "-2,-1,-19": 16,
    "-4,-1,-19": 16,
    "-8,0,-17": 16,
    "-8,0,-16": 16,
    "-8,0,-15": 16,
    "-7,0,-14": 16,
    "-7,0,-15": 16,
    "-7,0,-16": 16,
    "-7,0,-17": 16,
    "-7,0,-18": 16,
    "-6,0,-14": 16,
    "-5,0,-13": 16,
    "-6,0,-15": 16,
    "-6,0,-16": 16,
    "-6,0,-17": 16,
    "-6,0,-18": 16,
    "-5,0,-19": 16,
    "-5,0,-16": 16,
    "-5,0,-15": 16,
    "-5,0,-14": 16,
    "-5,0,-17": 16,
    "-5,0,-18": 16,
    "-4,0,-14": 16,
    "-4,0,-13": 16,
    "-4,0,-15": 16,
    "-4,0,-16": 16,
    "-4,0,-17": 16,
    "-4,0,-18": 16,
    "-4,0,-19": 16,
    "-3,0,-13": 16,
    "-3,0,-14": 16,
    "-3,0,-15": 16,
    "-3,0,-16": 16,
    "-3,0,-17": 16,
    "-3,0,-18": 16,
    "-3,0,-19": 16,
    "-2,0,-18": 16,
    "-2,0,-17": 16,
    "-2,0,-16": 16,
    "-2,0,-15": 16,
    "-2,0,-14": 16,
    "-1,0,-14": 16,
    "-1,0,-15": 16,
    "0,0,-16": 16,
    "0,0,-17": 16,
    "-1,0,-18": 16,
    "-1,0,-17": 16,
    "-1,0,-16": 16,
    "-4,0,-20": 12,
    "-5,0,-20": 12,
    "-6,0,-19": 12,
    "-7,0,-19": 12,
    "-8,0,-18": 12,
    "-9,0,-17": 12,
    "-9,0,-16": 12,
    "0,0,-14": 12,
    "0,0,-15": 12,
    "1,0,-16": 12,
    "1,0,-15": 12,
    "-9,0,-18": 12,
    "-8,0,-19": 12,
    "-7,0,-20": 12,
    "-6,0,-20": 12,
    "-5,0,-21": 12,
    "-4,0,-21": 12,
    "-3,0,-21": 12,
    "-2,0,-20": 12,
    "-1,0,-20": 12,
    "0,0,-20": 12,
    "1,0,-19": 12,
    "0,0,-19": 12,
    "1,0,-18": 12,
    "2,0,-18": 12,
    "1,0,-17": 12,
    "2,0,-17": 12,
    "2,0,-16": 12,
    "-11,0,-16": 12,
    "-10,0,-16": 12,
    "-10,0,-17": 12,
    "-10,0,-15": 12,
    "-9,0,-14": 12,
    "-8,0,-13": 12,
    "-7,0,-12": 12,
    "-6,0,-12": 12,
    "-5,0,-22": 7,
    "-9,0,-19": 7,
    "-8,0,-20": 7,
    "6,1,-25": 10,
    "6,1,-24": 10,
    "7,1,-24": 10,
    "7,1,-25": 10,
    "7,2,-24": 10,
    "8,1,-24": 10,
    "7,1,-23": 10,
    "10,1,24": 10,
    "11,1,24": 10,
    "11,1,23": 10,
    "10,1,23": 2,
    "9,1,23": 2,
    "10,1,22": 2,
    "10,2,23": 2
  },
  "entities": {
    "-11.5,2,-24.5": {
      "modelUri": "models/environment/Plains/grass-tall.gltf",
      "modelPreferredShape": "none",
      "modelLoopedAnimations": [
        "idle"
      ],
      "modelScale": 1,
      "name": "grass-tall",
      "rigidBodyOptions": {
        "type": "fixed",
        "rotation": {
          "x": 0,
          "y": 0,
          "z": 0,
          "w": 1
        }
      }
    },
    "-18.5,2,24.5": {
      "modelUri": "models/environment/Plains/grass-tall.gltf",
      "modelPreferredShape": "none",
      "modelLoopedAnimations": [
        "idle"
      ],
      "modelScale": 1,
      "name": "grass-tall",
      "rigidBodyOptions": {
        "type": "fixed",
        "rotation": {
          "x": 0,
          "y": 0,
          "z": 0,
          "w": 1
        }
      }
    },
    "-20.5,2,18.5": {
      "modelUri": "models/environment/Plains/grass-tall.gltf",
      "modelPreferredShape": "none",
      "modelLoopedAnimations": [
        "idle"
      ],
      "modelScale": 1,
      "name": "grass-tall",
      "rigidBodyOptions": {
        "type": "fixed",
        "rotation": {
          "x": 0,
          "y": 0,
          "z": 0,
          "w": 1
        }
      }
    },
    "-4.5,2,22.5": {
      "modelUri": "models/environment/Plains/grass-tall.gltf",
      "modelPreferredShape": "none",
      "modelLoopedAnimations": [
        "idle"
      ],
      "modelScale": 1,
      "name": "grass-tall",
      "rigidBodyOptions": {
        "type": "fixed",
        "rotation": {
          "x": 0,
          "y": 0,
          "z": 0,
          "w": 1
        }
      }
    },
    "23.5,2,-18.5": {
      "modelUri": "models/environment/Plains/grass-tall.gltf",
      "modelPreferredShape": "none",
      "modelLoopedAnimations": [
        "idle"
      ],
      "modelScale": 1,
      "name": "grass-tall",
      "rigidBodyOptions": {
        "type": "fixed",
        "rotation": {
          "x": 0,
          "y": 0,
          "z": 0,
          "w": 1
        }
      }
    },
    "24.5,2,-17.5": {
      "modelUri": "models/environment/Plains/grass-tall.gltf",
      "modelPreferredShape": "none",
      "modelLoopedAnimations": [
        "idle"
      ],
      "modelScale": 1,
      "name": "grass-tall",
      "rigidBodyOptions": {
        "type": "fixed",
        "rotation": {
          "x": 0,
          "y": 0,
          "z": 0,
          "w": 1
        }
      }
    },
    "13.5,2,-21.5": {
      "modelUri": "models/environment/Plains/grass-tall.gltf",
      "modelPreferredShape": "none",
      "modelLoopedAnimations": [
        "idle"
      ],
      "modelScale": 1,
      "name": "grass-tall",
      "rigidBodyOptions": {
        "type": "fixed",
        "rotation": {
          "x": 0,
          "y": 0,
          "z": 0,
          "w": 1
        }
      }
    },
    "21.5,1,23.5": {
      "modelUri": "models/environment/Plains/grass-tall.gltf",
      "modelPreferredShape": "none",
      "modelLoopedAnimations": [
        "idle"
      ],
      "modelScale": 1,
      "name": "grass-tall",
      "rigidBodyOptions": {
        "type": "fixed",
        "rotation": {
          "x": 0,
          "y": 0,
          "z": 0,
          "w": 1
        }
      }
    },
    "22.5,2,23.5": {
      "modelUri": "models/environment/Plains/grass-tall.gltf",
      "modelPreferredShape": "none",
      "modelLoopedAnimations": [
        "idle"
      ],
      "modelScale": 1,
      "name": "grass-tall",
      "rigidBodyOptions": {
        "type": "fixed",
        "rotation": {
          "x": 0,
          "y": 0,
          "z": 0,
          "w": 1
        }
      }
    },
    "23.5,2,16.5": {
      "modelUri": "models/environment/Plains/grass-tall.gltf",
      "modelPreferredShape": "none",
      "modelLoopedAnimations": [
        "idle"
      ],
      "modelScale": 1,
      "name": "grass-tall",
      "rigidBodyOptions": {
        "type": "fixed",
        "rotation": {
          "x": 0,
          "y": 0,
          "z": 0,
          "w": 1
        }
      }
    },
    "15.5,2,17.5": {
      "modelUri": "models/environment/Plains/grass-tall.gltf",
      "modelPreferredShape": "none",
      "modelLoopedAnimations": [
        "idle"
      ],
      "modelScale": 1,
      "name": "grass-tall",
      "rigidBodyOptions": {
        "type": "fixed",
        "rotation": {
          "x": 0,
          "y": 0,
          "z": 0,
          "w": 1
        }
      }
    },
    "20.5,2,9.5": {
      "modelUri": "models/environment/Plains/grass-tall.gltf",
      "modelPreferredShape": "none",
      "modelLoopedAnimations": [
        "idle"
      ],
      "modelScale": 1,
      "name": "grass-tall",
      "rigidBodyOptions": {
        "type": "fixed",
        "rotation": {
          "x": 0,
          "y": 0,
          "z": 0,
          "w": 1
        }
      }
    },
    "-15.5,1.5,22.5": {
      "modelUri": "models/environment/Plains/grass.gltf",
      "modelPreferredShape": "none",
      "modelLoopedAnimations": [
        "idle"
      ],
      "modelScale": 1,
      "name": "grass",
      "rigidBodyOptions": {
        "type": "fixed",
        "rotation": {
          "x": 0,
          "y": 0.7071067811865476,
          "z": 0,
          "w": -0.7071067811865475
        }
      }
    },
    "-16.5,1.5,15.5": {
      "modelUri": "models/environment/Plains/grass.gltf",
      "modelPreferredShape": "none",
      "modelLoopedAnimations": [
        "idle"
      ],
      "modelScale": 1,
      "name": "grass",
      "rigidBodyOptions": {
        "type": "fixed",
        "rotation": {
          "x": 0,
          "y": 0,
          "z": 0,
          "w": 1
        }
      }
    },
    "-12.5,1.5,24.5": {
      "modelUri": "models/environment/Plains/grass.gltf",
      "modelPreferredShape": "none",
      "modelLoopedAnimations": [
        "idle"
      ],
      "modelScale": 1,
      "name": "grass",
      "rigidBodyOptions": {
        "type": "fixed",
        "rotation": {
          "x": 0,
          "y": 0,
          "z": 0,
          "w": 1
        }
      }
    },
    "-22.5,1.5,22.5": {
      "modelUri": "models/environment/Plains/grass.gltf",
      "modelPreferredShape": "none",
      "modelLoopedAnimations": [
        "idle"
      ],
      "modelScale": 1,
      "name": "grass",
      "rigidBodyOptions": {
        "type": "fixed",
        "rotation": {
          "x": 0,
          "y": 0,
          "z": 0,
          "w": 1
        }
      }
    },
    "-22.5,1.5,8.5": {
      "modelUri": "models/environment/Plains/grass.gltf",
      "modelPreferredShape": "none",
      "modelLoopedAnimations": [
        "idle"
      ],
      "modelScale": 1,
      "name": "grass",
      "rigidBodyOptions": {
        "type": "fixed",
        "rotation": {
          "x": 0,
          "y": 0,
          "z": 0,
          "w": 1
        }
      }
    },
    "-18.5,1.5,7.5": {
      "modelUri": "models/environment/Plains/grass.gltf",
      "modelPreferredShape": "none",
      "modelLoopedAnimations": [
        "idle"
      ],
      "modelScale": 1,
      "name": "grass",
      "rigidBodyOptions": {
        "type": "fixed",
        "rotation": {
          "x": 0,
          "y": 0,
          "z": 0,
          "w": 1
        }
      }
    },
    "-14.5,1.5,8.5": {
      "modelUri": "models/environment/Plains/grass.gltf",
      "modelPreferredShape": "none",
      "modelLoopedAnimations": [
        "idle"
      ],
      "modelScale": 1,
      "name": "grass",
      "rigidBodyOptions": {
        "type": "fixed",
        "rotation": {
          "x": 0,
          "y": 0,
          "z": 0,
          "w": 1
        }
      }
    },
    "-12.5,1.5,12.5": {
      "modelUri": "models/environment/Plains/grass.gltf",
      "modelPreferredShape": "none",
      "modelLoopedAnimations": [
        "idle"
      ],
      "modelScale": 1,
      "name": "grass",
      "rigidBodyOptions": {
        "type": "fixed",
        "rotation": {
          "x": 0,
          "y": 0,
          "z": 0,
          "w": 1
        }
      }
    },
    "-11.5,1.5,15.5": {
      "modelUri": "models/environment/Plains/grass.gltf",
      "modelPreferredShape": "none",
      "modelLoopedAnimations": [
        "idle"
      ],
      "modelScale": 1,
      "name": "grass",
      "rigidBodyOptions": {
        "type": "fixed",
        "rotation": {
          "x": 0,
          "y": 0,
          "z": 0,
          "w": 1
        }
      }
    },
    "24.5,1.5,11.5": {
      "modelUri": "models/environment/Plains/grass.gltf",
      "modelPreferredShape": "none",
      "modelLoopedAnimations": [
        "idle"
      ],
      "modelScale": 1,
      "name": "grass",
      "rigidBodyOptions": {
        "type": "fixed",
        "rotation": {
          "x": 0,
          "y": 0,
          "z": 0,
          "w": 1
        }
      }
    },
    "21.5,1.5,12.5": {
      "modelUri": "models/environment/Plains/grass.gltf",
      "modelPreferredShape": "none",
      "modelLoopedAnimations": [
        "idle"
      ],
      "modelScale": 1,
      "name": "grass",
      "rigidBodyOptions": {
        "type": "fixed",
        "rotation": {
          "x": 0,
          "y": 0,
          "z": 0,
          "w": 1
        }
      }
    },
    "24.5,1.5,18.5": {
      "modelUri": "models/environment/Plains/grass.gltf",
      "modelPreferredShape": "none",
      "modelLoopedAnimations": [
        "idle"
      ],
      "modelScale": 1,
      "name": "grass",
      "rigidBodyOptions": {
        "type": "fixed",
        "rotation": {
          "x": 0,
          "y": 0,
          "z": 0,
          "w": 1
        }
      }
    },
    "17.5,0.5,17.5": {
      "modelUri": "models/environment/Plains/grass.gltf",
      "modelPreferredShape": "none",
      "modelLoopedAnimations": [
        "idle"
      ],
      "modelScale": 1,
      "name": "grass",
      "rigidBodyOptions": {
        "type": "fixed",
        "rotation": {
          "x": 0,
          "y": 0,
          "z": 0,
          "w": 1
        }
      }
    },
    "15.5,1.5,23.5": {
      "modelUri": "models/environment/Plains/grass.gltf",
      "modelPreferredShape": "none",
      "modelLoopedAnimations": [
        "idle"
      ],
      "modelScale": 1,
      "name": "grass",
      "rigidBodyOptions": {
        "type": "fixed",
        "rotation": {
          "x": 0,
          "y": 0,
          "z": 0,
          "w": 1
        }
      }
    },
    "17.5,0.5,23.5": {
      "modelUri": "models/environment/Plains/grass.gltf",
      "modelPreferredShape": "none",
      "modelLoopedAnimations": [
        "idle"
      ],
      "modelScale": 1,
      "name": "grass",
      "rigidBodyOptions": {
        "type": "fixed",
        "rotation": {
          "x": 0,
          "y": 0,
          "z": 0,
          "w": 1
        }
      }
    },
    "20.5,1.5,-24.5": {
      "modelUri": "models/environment/Plains/grass.gltf",
      "modelPreferredShape": "none",
      "modelLoopedAnimations": [
        "idle"
      ],
      "modelScale": 1,
      "name": "grass",
      "rigidBodyOptions": {
        "type": "fixed",
        "rotation": {
          "x": 0,
          "y": 0,
          "z": 0,
          "w": 1
        }
      }
    },
    "16.5,1.5,-24.5": {
      "modelUri": "models/environment/Plains/grass.gltf",
      "modelPreferredShape": "none",
      "modelLoopedAnimations": [
        "idle"
      ],
      "modelScale": 1,
      "name": "grass",
      "rigidBodyOptions": {
        "type": "fixed",
        "rotation": {
          "x": 0,
          "y": 0,
          "z": 0,
          "w": 1
        }
      }
    },
    "11.5,1.5,-23.5": {
      "modelUri": "models/environment/Plains/grass.gltf",
      "modelPreferredShape": "none",
      "modelLoopedAnimations": [
        "idle"
      ],
      "modelScale": 1,
      "name": "grass",
      "rigidBodyOptions": {
        "type": "fixed",
        "rotation": {
          "x": 0,
          "y": 0,
          "z": 0,
          "w": 1
        }
      }
    },
    "8.5,0.5,-20.5": {
      "modelUri": "models/environment/Plains/grass.gltf",
      "modelPreferredShape": "none",
      "modelLoopedAnimations": [
        "idle"
      ],
      "modelScale": 1,
      "name": "grass",
      "rigidBodyOptions": {
        "type": "fixed",
        "rotation": {
          "x": 0,
          "y": 0,
          "z": 0,
          "w": 1
        }
      }
    },
    "15.5,1.5,-14.5": {
      "modelUri": "models/environment/Plains/grass.gltf",
      "modelPreferredShape": "none",
      "modelLoopedAnimations": [
        "idle"
      ],
      "modelScale": 1,
      "name": "grass",
      "rigidBodyOptions": {
        "type": "fixed",
        "rotation": {
          "x": 0,
          "y": 0,
          "z": 0,
          "w": 1
        }
      }
    },
    "18.5,1.5,-11.5": {
      "modelUri": "models/environment/Plains/grass.gltf",
      "modelPreferredShape": "none",
      "modelLoopedAnimations": [
        "idle"
      ],
      "modelScale": 1,
      "name": "grass",
      "rigidBodyOptions": {
        "type": "fixed",
        "rotation": {
          "x": 0,
          "y": 0,
          "z": 0,
          "w": 1
        }
      }
    },
    "23.5,1.5,-13.5": {
      "modelUri": "models/environment/Plains/grass.gltf",
      "modelPreferredShape": "none",
      "modelLoopedAnimations": [
        "idle"
      ],
      "modelScale": 1,
      "name": "grass",
      "rigidBodyOptions": {
        "type": "fixed",
        "rotation": {
          "x": 0,
          "y": 0,
          "z": 0,
          "w": 1
        }
      }
    },
    "19.5,1.5,-16.5": {
      "modelUri": "models/environment/Plains/grass.gltf",
      "modelPreferredShape": "none",
      "modelLoopedAnimations": [
        "idle"
      ],
      "modelScale": 1,
      "name": "grass",
      "rigidBodyOptions": {
        "type": "fixed",
        "rotation": {
          "x": 0,
          "y": 0,
          "z": 0,
          "w": 1
        }
      }
    },
    "24.5,1.5,-20.5": {
      "modelUri": "models/environment/Plains/grass.gltf",
      "modelPreferredShape": "none",
      "modelLoopedAnimations": [
        "idle"
      ],
      "modelScale": 1,
      "name": "grass",
      "rigidBodyOptions": {
        "type": "fixed",
        "rotation": {
          "x": 0,
          "y": 0,
          "z": 0,
          "w": 1
        }
      }
    },
    "-23.5,1.5,-15.5": {
      "modelUri": "models/environment/Plains/grass.gltf",
      "modelPreferredShape": "none",
      "modelLoopedAnimations": [
        "idle"
      ],
      "modelScale": 1,
      "name": "grass",
      "rigidBodyOptions": {
        "type": "fixed",
        "rotation": {
          "x": 0,
          "y": 0,
          "z": 0,
          "w": 1
        }
      }
    },
    "-24.5,1.5,-8.5": {
      "modelUri": "models/environment/Plains/grass.gltf",
      "modelPreferredShape": "none",
      "modelLoopedAnimations": [
        "idle"
      ],
      "modelScale": 1,
      "name": "grass",
      "rigidBodyOptions": {
        "type": "fixed",
        "rotation": {
          "x": 0,
          "y": 0,
          "z": 0,
          "w": 1
        }
      }
    },
    "-19.5,1.5,-13.5": {
      "modelUri": "models/environment/Plains/grass.gltf",
      "modelPreferredShape": "none",
      "modelLoopedAnimations": [
        "idle"
      ],
      "modelScale": 1,
      "name": "grass",
      "rigidBodyOptions": {
        "type": "fixed",
        "rotation": {
          "x": 0,
          "y": 0,
          "z": 0,
          "w": 1
        }
      }
    },
    "-14.5,1.5,-13.5": {
      "modelUri": "models/environment/Plains/grass.gltf",
      "modelPreferredShape": "none",
      "modelLoopedAnimations": [
        "idle"
      ],
      "modelScale": 1,
      "name": "grass",
      "rigidBodyOptions": {
        "type": "fixed",
        "rotation": {
          "x": 0,
          "y": 0,
          "z": 0,
          "w": 1
        }
      }
    },
    "-11.5,1.5,-17.5": {
      "modelUri": "models/environment/Plains/grass.gltf",
      "modelPreferredShape": "none",
      "modelLoopedAnimations": [
        "idle"
      ],
      "modelScale": 1,
      "name": "grass",
      "rigidBodyOptions": {
        "type": "fixed",
        "rotation": {
          "x": 0,
          "y": 0,
          "z": 0,
          "w": 1
        }
      }
    },
    "-9.5,1.5,-21.5": {
      "modelUri": "models/environment/Plains/grass.gltf",
      "modelPreferredShape": "none",
      "modelLoopedAnimations": [
        "idle"
      ],
      "modelScale": 1,
      "name": "grass",
      "rigidBodyOptions": {
        "type": "fixed",
        "rotation": {
          "x": 0,
          "y": 0,
          "z": 0,
          "w": 1
        }
      }
    },
    "-19.5,1.5,-23.5": {
      "modelUri": "models/environment/Plains/grass.gltf",
      "modelPreferredShape": "none",
      "modelLoopedAnimations": [
        "idle"
      ],
      "modelScale": 1,
      "name": "grass",
      "rigidBodyOptions": {
        "type": "fixed",
        "rotation": {
          "x": 0,
          "y": 0,
          "z": 0,
          "w": 1
        }
      }
    },
    "-18.5,1.5,-17.5": {
      "modelUri": "models/environment/Plains/grass.gltf",
      "modelPreferredShape": "none",
      "modelLoopedAnimations": [
        "idle"
      ],
      "modelScale": 1,
      "name": "grass",
      "rigidBodyOptions": {
        "type": "fixed",
        "rotation": {
          "x": 0,
          "y": 0,
          "z": 0,
          "w": 1
        }
      }
    },
    "-17.5,0.5,-21.5": {
      "modelUri": "models/environment/Plains/grass.gltf",
      "modelPreferredShape": "none",
      "modelLoopedAnimations": [
        "idle"
      ],
      "modelScale": 1,
      "name": "grass",
      "rigidBodyOptions": {
        "type": "fixed",
        "rotation": {
          "x": 0,
          "y": 0,
          "z": 0,
          "w": 1
        }
      }
    },
    "-23.5,1.5,-23.5": {
      "modelUri": "models/environment/Plains/grass.gltf",
      "modelPreferredShape": "none",
      "modelLoopedAnimations": [
        "idle"
      ],
      "modelScale": 1,
      "name": "grass",
      "rigidBodyOptions": {
        "type": "fixed",
        "rotation": {
          "x": 0,
          "y": 0,
          "z": 0,
          "w": 1
        }
      }
    },
    "-23.5,1.5,-6.5": {
      "modelUri": "models/environment/Plains/grass.gltf",
      "modelPreferredShape": "none",
      "modelLoopedAnimations": [
        "idle"
      ],
      "modelScale": 1,
      "name": "grass",
      "rigidBodyOptions": {
        "type": "fixed",
        "rotation": {
          "x": 0,
          "y": 0,
          "z": 0,
          "w": 1
        }
      }
    },
    "-24.5,1.5,-15.5": {
      "modelUri": "models/environment/Plains/grass.gltf",
      "modelPreferredShape": "none",
      "modelLoopedAnimations": [
        "idle"
      ],
      "modelScale": 1,
      "name": "grass",
      "rigidBodyOptions": {
        "type": "fixed",
        "rotation": {
          "x": 0,
          "y": 0,
          "z": 0,
          "w": 1
        }
      }
    },
    "-11.5,1.5,-21.5": {
      "modelUri": "models/environment/Plains/grass.gltf",
      "modelPreferredShape": "none",
      "modelLoopedAnimations": [
        "idle"
      ],
      "modelScale": 1,
      "name": "grass",
      "rigidBodyOptions": {
        "type": "fixed",
        "rotation": {
          "x": 0,
          "y": 0,
          "z": 0,
          "w": 1
        }
      }
    },
    "-18.5,1.5,-24.5": {
      "modelUri": "models/environment/Plains/grass.gltf",
      "modelPreferredShape": "none",
      "modelLoopedAnimations": [
        "idle"
      ],
      "modelScale": 1,
      "name": "grass",
      "rigidBodyOptions": {
        "type": "fixed",
        "rotation": {
          "x": 0,
          "y": 0,
          "z": 0,
          "w": 1
        }
      }
    },
    "-18.5,1.5,-23.5": {
      "modelUri": "models/environment/Plains/grass.gltf",
      "modelPreferredShape": "none",
      "modelLoopedAnimations": [
        "idle"
      ],
      "modelScale": 1,
      "name": "grass",
      "rigidBodyOptions": {
        "type": "fixed",
        "rotation": {
          "x": 0,
          "y": 0,
          "z": 0,
          "w": 1
        }
      }
    },
    "-6.5,1.25,22.5": {
      "modelUri": "models/structures/slabs/granite slab.gltf",
      "modelPreferredShape": "trimesh",
      "modelLoopedAnimations": [
        "idle"
      ],
      "modelScale": 1,
      "name": "granite slab",
      "rigidBodyOptions": {
        "type": "fixed",
        "rotation": {
          "x": 0,
          "y": 0,
          "z": 0,
          "w": 1
        }
      }
    },
    "-8.5,1.25,20.5": {
      "modelUri": "models/structures/slabs/grass slab.gltf",
      "modelPreferredShape": "trimesh",
      "modelLoopedAnimations": [
        "idle"
      ],
      "modelScale": 1,
      "name": "grass slab",
      "rigidBodyOptions": {
        "type": "fixed",
        "rotation": {
          "x": 0,
          "y": 0,
          "z": 0,
          "w": 1
        }
      }
    },
    "-6.5,0.25,19.5": {
      "modelUri": "models/structures/slabs/grass slab.gltf",
      "modelPreferredShape": "trimesh",
      "modelLoopedAnimations": [
        "idle"
      ],
      "modelScale": 1,
      "name": "grass slab",
      "rigidBodyOptions": {
        "type": "fixed",
        "rotation": {
          "x": 0,
          "y": 0,
          "z": 0,
          "w": 1
        }
      }
    },
    "-6.5,1.25,19.5": {
      "modelUri": "models/structures/slabs/grass slab.gltf",
      "modelPreferredShape": "trimesh",
      "modelLoopedAnimations": [
        "idle"
      ],
      "modelScale": 1,
      "name": "grass slab",
      "rigidBodyOptions": {
        "type": "fixed",
        "rotation": {
          "x": 0,
          "y": 0,
          "z": 0,
          "w": 1
        }
      }
    },
    "-7.5,1.25,19.5": {
      "modelUri": "models/structures/slabs/grass slab.gltf",
      "modelPreferredShape": "trimesh",
      "modelLoopedAnimations": [
        "idle"
      ],
      "modelScale": 1,
      "name": "grass slab",
      "rigidBodyOptions": {
        "type": "fixed",
        "rotation": {
          "x": 0,
          "y": 0,
          "z": 0,
          "w": 1
        }
      }
    },
    "-20.5,1.25,11.5": {
      "modelUri": "models/structures/slabs/grass slab.gltf",
      "modelPreferredShape": "trimesh",
      "modelLoopedAnimations": [
        "idle"
      ],
      "modelScale": 1,
      "name": "grass slab",
      "rigidBodyOptions": {
        "type": "fixed",
        "rotation": {
          "x": 0,
          "y": 0,
          "z": 0,
          "w": 1
        }
      }
    },
    "-19.5,1.25,11.5": {
      "modelUri": "models/structures/slabs/grass slab.gltf",
      "modelPreferredShape": "trimesh",
      "modelLoopedAnimations": [
        "idle"
      ],
      "modelScale": 1,
      "name": "grass slab",
      "rigidBodyOptions": {
        "type": "fixed",
        "rotation": {
          "x": 0,
          "y": 0,
          "z": 0,
          "w": 1
        }
      }
    },
    "-17.5,1.25,13.5": {
      "modelUri": "models/structures/slabs/grass flower slab.gltf",
      "modelPreferredShape": "trimesh",
      "modelLoopedAnimations": [
        "idle"
      ],
      "modelScale": 1,
      "name": "grass flower slab",
      "rigidBodyOptions": {
        "type": "fixed",
        "rotation": {
          "x": 0,
          "y": 0,
          "z": 0,
          "w": 1
        }
      }
    },
    "-19.5,1.5,14.5": {
      "modelUri": "models/structures/stairs/cobblestone stairs.gltf",
      "modelPreferredShape": "trimesh",
      "modelLoopedAnimations": [
        "idle"
      ],
      "modelScale": 1,
      "name": "cobblestone stairs",
      "rigidBodyOptions": {
        "type": "fixed",
        "rotation": {
          "x": 0,
          "y": 1,
          "z": 0,
          "w": 6.123233995736766e-17
        }
      }
    }
  },
  "version": "2.0.0"
}