{
  "version": 1,
  "textureSize": 24,
  "padding": 20,
  "atlasWidth": 2048,
  "atlasHeight": 1024,
  "textures": {
    "blocks/TNT/+x.png": {
      "u0": 0.009765625,
      "v0": 0.01953125,
      "u1": 0.021484375,
      "v1": 0.04296875,
      "averageRGB": [
        0.6694921023965141,
        0.2196214596949891,
        0.27000953159041396
      ],
      "isTransparent": false,
      "needsAlphaTest": false,
      "transparencyRatio": 0
    },
    "blocks/TNT/+y.png": {
      "u0": 0.041015625,
      "v0": 0.01953125,
      "u1": 0.052734375,
      "v1": 0.04296875,
      "averageRGB": [
        0.7442129629629629,
        0.17083333333333334,
        0.22830882352941176
      ],
      "isTransparent": false,
      "needsAlphaTest": false,
      "transparencyRatio": 0
    },
    "blocks/TNT/+z.png": {
      "u0": 0.072265625,
      "v0": 0.01953125,
      "u1": 0.083984375,
      "v1": 0.04296875,
      "averageRGB": [
        0.6694921023965141,
        0.2196214596949891,
        0.27000953159041396
      ],
      "isTransparent": false,
      "needsAlphaTest": false,
      "transparencyRatio": 0
    },
    "blocks/TNT/-x.png": {
      "u0": 0.103515625,
      "v0": 0.01953125,
      "u1": 0.115234375,
      "v1": 0.04296875,
      "averageRGB": [
        0.6694921023965141,
        0.2196214596949891,
        0.27000953159041396
      ],
      "isTransparent": false,
      "needsAlphaTest": false,
      "transparencyRatio": 0
    },
    "blocks/TNT/-y.png": {
      "u0": 0.134765625,
      "v0": 0.01953125,
      "u1": 0.146484375,
      "v1": 0.04296875,
      "averageRGB": [
        0.7442129629629629,
        0.17083333333333334,
        0.22830882352941176
      ],
      "isTransparent": false,
      "needsAlphaTest": false,
      "transparencyRatio": 0
    },
    "blocks/TNT/-z.png": {
      "u0": 0.166015625,
      "v0": 0.01953125,
      "u1": 0.177734375,
      "v1": 0.04296875,
      "averageRGB": [
        0.6694921023965141,
        0.2196214596949891,
        0.27000953159041396
      ],
      "isTransparent": false,
      "needsAlphaTest": false,
      "transparencyRatio": 0
    },
    "blocks/andesite.png": {
      "u0": 0.197265625,
      "v0": 0.01953125,
      "u1": 0.208984375,
      "v1": 0.04296875,
      "averageRGB": [
        0.5094498910675381,
        0.5129357298474946,
        0.49047521786492376
      ],
      "isTransparent": false,
      "needsAlphaTest": false,
      "transparencyRatio": 0
    },
    "blocks/arrow-block-black.png": {
      "u0": 0.228515625,
      "v0": 0.01953125,
      "u1": 0.240234375,
      "v1": 0.04296875,
      "averageRGB": [
        0.14469635076252724,
        0.1346064814814815,
        0.1346064814814815
      ],
      "isTransparent": false,
      "needsAlphaTest": false,
      "transparencyRatio": 0
    },
    "blocks/arrow-block-blue.png": {
      "u0": 0.259765625,
      "v0": 0.01953125,
      "u1": 0.271484375,
      "v1": 0.04296875,
      "averageRGB": [
        0.29982298474945535,
        0.4515250544662309,
        0.8250885076252724
      ],
      "isTransparent": false,
      "needsAlphaTest": false,
      "transparencyRatio": 0
    },
    "blocks/arrow-block-brown.png": {
      "u0": 0.291015625,
      "v0": 0.01953125,
      "u1": 0.302734375,
      "v1": 0.04296875,
      "averageRGB": [
        0.5827273965141613,
        0.21829384531590415,
        0.1346064814814815
      ],
      "isTransparent": false,
      "needsAlphaTest": false,
      "transparencyRatio": 0
    },
    "blocks/arrow-block-cyan.png": {
      "u0": 0.322265625,
      "v0": 0.01953125,
      "u1": 0.333984375,
      "v1": 0.04296875,
      "averageRGB": [
        0.10012935729847494,
        0.6959967320261438,
        0.6787513616557734
      ],
      "isTransparent": false,
      "needsAlphaTest": false,
      "transparencyRatio": 0
    },
    "blocks/arrow-block-gray.png": {
      "u0": 0.353515625,
      "v0": 0.01953125,
      "u1": 0.365234375,
      "v1": 0.04296875,
      "averageRGB": [
        0.43023556644880173,
        0.43023556644880173,
        0.43023556644880173
      ],
      "isTransparent": false,
      "needsAlphaTest": false,
      "transparencyRatio": 0
    },
    "blocks/arrow-block-green.png": {
      "u0": 0.384765625,
      "v0": 0.01953125,
      "u1": 0.396484375,
      "v1": 0.04296875,
      "averageRGB": [
        0.48030364923747276,
        0.798338779956427,
        0.23698257080610022
      ],
      "isTransparent": false,
      "needsAlphaTest": false,
      "transparencyRatio": 0
    },
    "blocks/arrow-block-light-blue.png": {
      "u0": 0.416015625,
      "v0": 0.01953125,
      "u1": 0.427734375,
      "v1": 0.04296875,
      "averageRGB": [
        0.1428513071895425,
        0.6786220043572985,
        0.9229302832244008
      ],
      "isTransparent": false,
      "needsAlphaTest": false,
      "transparencyRatio": 0
    },
    "blocks/arrow-block-light-gray.png": {
      "u0": 0.447265625,
      "v0": 0.01953125,
      "u1": 0.458984375,
      "v1": 0.04296875,
      "averageRGB": [
        0.6262186819172113,
        0.6262186819172113,
        0.6262186819172113
      ],
      "isTransparent": false,
      "needsAlphaTest": false,
      "transparencyRatio": 0
    },
    "blocks/arrow-block-lime.png": {
      "u0": 0.478515625,
      "v0": 0.01953125,
      "u1": 0.490234375,
      "v1": 0.04296875,
      "averageRGB": [
        0.4187431917211329,
        0.9503608387799564,
        0.41663943355119826
      ],
      "isTransparent": false,
      "needsAlphaTest": false,
      "transparencyRatio": 0
    },
    "blocks/arrow-block-magenta.png": {
      "u0": 0.509765625,
      "v0": 0.01953125,
      "u1": 0.521484375,
      "v1": 0.04296875,
      "averageRGB": [
        0.7994553376906318,
        0.3287309368191721,
        0.9997685185185186
      ],
      "isTransparent": false,
      "needsAlphaTest": false,
      "transparencyRatio": 0
    },
    "blocks/arrow-block-orange.png": {
      "u0": 0.541015625,
      "v0": 0.01953125,
      "u1": 0.552734375,
      "v1": 0.04296875,
      "averageRGB": [
        0.9582584422657952,
        0.4823869825708061,
        0.18537581699346406
      ],
      "isTransparent": false,
      "needsAlphaTest": false,
      "transparencyRatio": 0
    },
    "blocks/arrow-block-pink.png": {
      "u0": 0.572265625,
      "v0": 0.01953125,
      "u1": 0.583984375,
      "v1": 0.04296875,
      "averageRGB": [
        0.992224945533769,
        0.4845656318082789,
        0.8345043572984749
      ],
      "isTransparent": false,
      "needsAlphaTest": false,
      "transparencyRatio": 0
    },
    "blocks/arrow-block-purple.png": {
      "u0": 0.603515625,
      "v0": 0.01953125,
      "u1": 0.615234375,
      "v1": 0.04296875,
      "averageRGB": [
        0.6010280501089325,
        0.3698597494553377,
        0.9906522331154685
      ],
      "isTransparent": false,
      "needsAlphaTest": false,
      "transparencyRatio": 0
    },
    "blocks/arrow-block-red.png": {
      "u0": 0.634765625,
      "v0": 0.01953125,
      "u1": 0.646484375,
      "v1": 0.04296875,
      "averageRGB": [
        0.885777505446623,
        0.26066176470588237,
        0.2187023420479303
      ],
      "isTransparent": false,
      "needsAlphaTest": false,
      "transparencyRatio": 0
    },
    "blocks/arrow-block-white.png": {
      "u0": 0.666015625,
      "v0": 0.01953125,
      "u1": 0.677734375,
      "v1": 0.04296875,
      "averageRGB": [
        0.9022943899782135,
        0.9022943899782135,
        0.9022943899782135
      ],
      "isTransparent": false,
      "needsAlphaTest": false,
      "transparencyRatio": 0
    },
    "blocks/arrow-block-yellow.png": {
      "u0": 0.697265625,
      "v0": 0.01953125,
      "u1": 0.708984375,
      "v1": 0.04296875,
      "averageRGB": [
        1,
        0.7508442265795207,
        0.15494961873638344
      ],
      "isTransparent": false,
      "needsAlphaTest": false,
      "transparencyRatio": 0
    },
    "blocks/azalea-flowering-leaves.png": {
      "u0": 0.728515625,
      "v0": 0.01953125,
      "u1": 0.740234375,
      "v1": 0.04296875,
      "averageRGB": [
        0.46119281045751637,
        0.4757148692810458,
        0.19186410675381263
      ],
      "isTransparent": false,
      "needsAlphaTest": true,
      "transparencyRatio": 0.08333333333333333
    },
    "blocks/azalea-leaves.png": {
      "u0": 0.759765625,
      "v0": 0.01953125,
      "u1": 0.771484375,
      "v1": 0.04296875,
      "averageRGB": [
        0.4000544662309368,
        0.5127314814814815,
        0.1173202614379085
      ],
      "isTransparent": false,
      "needsAlphaTest": true,
      "transparencyRatio": 0.11458333333333333
    },
    "blocks/birch-leaves.png": {
      "u0": 0.791015625,
      "v0": 0.01953125,
      "u1": 0.802734375,
      "v1": 0.04296875,
      "averageRGB": [
        0.14985021786492375,
        0.4161628540305011,
        0.05298202614379085
      ],
      "isTransparent": false,
      "needsAlphaTest": true,
      "transparencyRatio": 0.1840277777777778
    },
    "blocks/birch-log/+x.png": {
      "u0": 0.822265625,
      "v0": 0.01953125,
      "u1": 0.833984375,
      "v1": 0.04296875,
      "averageRGB": [
        0.8309504357298475,
        0.792619825708061,
        0.7707107843137255
      ],
      "isTransparent": false,
      "needsAlphaTest": false,
      "transparencyRatio": 0
    },
    "blocks/birch-log/+y.png": {
      "u0": 0.853515625,
      "v0": 0.01953125,
      "u1": 0.865234375,
      "v1": 0.04296875,
      "averageRGB": [
        0.8281522331154685,
        0.6925925925925926,
        0.5066789215686275
      ],
      "isTransparent": false,
      "needsAlphaTest": false,
      "transparencyRatio": 0
    },
    "blocks/birch-log/+z.png": {
      "u0": 0.884765625,
      "v0": 0.01953125,
      "u1": 0.896484375,
      "v1": 0.04296875,
      "averageRGB": [
        0.8309504357298475,
        0.792619825708061,
        0.7707107843137255
      ],
      "isTransparent": false,
      "needsAlphaTest": false,
      "transparencyRatio": 0
    },
    "blocks/birch-log/-x.png": {
      "u0": 0.916015625,
      "v0": 0.01953125,
      "u1": 0.927734375,
      "v1": 0.04296875,
      "averageRGB": [
        0.8309504357298475,
        0.792619825708061,
        0.7707107843137255
      ],
      "isTransparent": false,
      "needsAlphaTest": false,
      "transparencyRatio": 0
    },
    "blocks/birch-log/-y.png": {
      "u0": 0.947265625,
      "v0": 0.01953125,
      "u1": 0.958984375,
      "v1": 0.04296875,
      "averageRGB": [
        0.8281522331154685,
        0.6925925925925926,
        0.5066789215686275
      ],
      "isTransparent": false,
      "needsAlphaTest": false,
      "transparencyRatio": 0
    },
    "blocks/birch-log/-z.png": {
      "u0": 0.978515625,
      "v0": 0.01953125,
      "u1": 0.990234375,
      "v1": 0.04296875,
      "averageRGB": [
        0.8309504357298475,
        0.792619825708061,
        0.7707107843137255
      ],
      "isTransparent": false,
      "needsAlphaTest": false,
      "transparencyRatio": 0
    },
    "blocks/birch-planks-vine.png": {
      "u0": 0.009765625,
      "v0": 0.08203125,
      "u1": 0.021484375,
      "v1": 0.10546875,
      "averageRGB": [
        0.7120438453159041,
        0.6433415032679739,
        0.2995302287581699
      ],
      "isTransparent": false,
      "needsAlphaTest": false,
      "transparencyRatio": 0
    },
    "blocks/birch-planks.png": {
      "u0": 0.041015625,
      "v0": 0.08203125,
      "u1": 0.052734375,
      "v1": 0.10546875,
      "averageRGB": [
        0.9055078976034858,
        0.7309095860566449,
        0.4499455337690632
      ],
      "isTransparent": false,
      "needsAlphaTest": false,
      "transparencyRatio": 0
    },
    "blocks/black-concrete.png": {
      "u0": 0.072265625,
      "v0": 0.08203125,
      "u1": 0.083984375,
      "v1": 0.10546875,
      "averageRGB": [
        0.09505038126361655,
        0.08720724400871459,
        0.08720724400871459
      ],
      "isTransparent": false,
      "needsAlphaTest": false,
      "transparencyRatio": 0
    },
    "blocks/blue-concrete.png": {
      "u0": 0.103515625,
      "v0": 0.08203125,
      "u1": 0.115234375,
      "v1": 0.10546875,
      "averageRGB": [
        0.2674768518518519,
        0.422542211328976,
        0.8086533224400871
      ],
      "isTransparent": false,
      "needsAlphaTest": false,
      "transparencyRatio": 0
    },
    "blocks/bookshelf-birch/+x.png": {
      "u0": 0.134765625,
      "v0": 0.08203125,
      "u1": 0.146484375,
      "v1": 0.10546875,
      "averageRGB": [
        0.5260688997821351,
        0.39610566448801743,
        0.30178376906318083
      ],
      "isTransparent": false,
      "needsAlphaTest": false,
      "transparencyRatio": 0
    },
    "blocks/bookshelf-birch/+y.png": {
      "u0": 0.166015625,
      "v0": 0.08203125,
      "u1": 0.177734375,
      "v1": 0.10546875,
      "averageRGB": [
        0.9055078976034858,
        0.7309095860566449,
        0.4499455337690632
      ],
      "isTransparent": false,
      "needsAlphaTest": false,
      "transparencyRatio": 0
    },
    "blocks/bookshelf-birch/+z.png": {
      "u0": 0.197265625,
      "v0": 0.08203125,
      "u1": 0.208984375,
      "v1": 0.10546875,
      "averageRGB": [
        0.5260688997821351,
        0.39610566448801743,
        0.30178376906318083
      ],
      "isTransparent": false,
      "needsAlphaTest": false,
      "transparencyRatio": 0
    },
    "blocks/bookshelf-birch/-x.png": {
      "u0": 0.228515625,
      "v0": 0.08203125,
      "u1": 0.240234375,
      "v1": 0.10546875,
      "averageRGB": [
        0.5260688997821351,
        0.39610566448801743,
        0.30178376906318083
      ],
      "isTransparent": false,
      "needsAlphaTest": false,
      "transparencyRatio": 0
    },
    "blocks/bookshelf-birch/-y.png": {
      "u0": 0.259765625,
      "v0": 0.08203125,
      "u1": 0.271484375,
      "v1": 0.10546875,
      "averageRGB": [
        0.9055078976034858,
        0.7309095860566449,
        0.4499455337690632
      ],
      "isTransparent": false,
      "needsAlphaTest": false,
      "transparencyRatio": 0
    },
    "blocks/bookshelf-birch/-z.png": {
      "u0": 0.291015625,
      "v0": 0.08203125,
      "u1": 0.302734375,
      "v1": 0.10546875,
      "averageRGB": [
        0.5260688997821351,
        0.39610566448801743,
        0.30178376906318083
      ],
      "isTransparent": false,
      "needsAlphaTest": false,
      "transparencyRatio": 0
    },
    "blocks/bookshelf-oak/+x.png": {
      "u0": 0.322265625,
      "v0": 0.08203125,
      "u1": 0.333984375,
      "v1": 0.10546875,
      "averageRGB": [
        0.5260688997821351,
        0.39610566448801743,
        0.30178376906318083
      ],
      "isTransparent": false,
      "needsAlphaTest": false,
      "transparencyRatio": 0
    },
    "blocks/bookshelf-oak/+y.png": {
      "u0": 0.353515625,
      "v0": 0.08203125,
      "u1": 0.365234375,
      "v1": 0.10546875,
      "averageRGB": [
        0.7658564814814814,
        0.5558142701525054,
        0.342755991285403
      ],
      "isTransparent": false,
      "needsAlphaTest": false,
      "transparencyRatio": 0
    },
    "blocks/bookshelf-oak/+z.png": {
      "u0": 0.384765625,
      "v0": 0.08203125,
      "u1": 0.396484375,
      "v1": 0.10546875,
      "averageRGB": [
        0.5260688997821351,
        0.39610566448801743,
        0.30178376906318083
      ],
      "isTransparent": false,
      "needsAlphaTest": false,
      "transparencyRatio": 0
    },
    "blocks/bookshelf-oak/-x.png": {
      "u0": 0.416015625,
      "v0": 0.08203125,
      "u1": 0.427734375,
      "v1": 0.10546875,
      "averageRGB": [
        0.5260688997821351,
        0.39610566448801743,
        0.30178376906318083
      ],
      "isTransparent": false,
      "needsAlphaTest": false,
      "transparencyRatio": 0
    },
    "blocks/bookshelf-oak/-y.png": {
      "u0": 0.447265625,
      "v0": 0.08203125,
      "u1": 0.458984375,
      "v1": 0.10546875,
      "averageRGB": [
        0.7658564814814814,
        0.5558142701525054,
        0.342755991285403
      ],
      "isTransparent": false,
      "needsAlphaTest": false,
      "transparencyRatio": 0
    },
    "blocks/bookshelf-oak/-z.png": {
      "u0": 0.478515625,
      "v0": 0.08203125,
      "u1": 0.490234375,
      "v1": 0.10546875,
      "averageRGB": [
        0.5260688997821351,
        0.39610566448801743,
        0.30178376906318083
      ],
      "isTransparent": false,
      "needsAlphaTest": false,
      "transparencyRatio": 0
    },
    "blocks/bookshelf-spruce/+x.png": {
      "u0": 0.509765625,
      "v0": 0.08203125,
      "u1": 0.521484375,
      "v1": 0.10546875,
      "averageRGB": [
        0.5260688997821351,
        0.39610566448801743,
        0.30178376906318083
      ],
      "isTransparent": false,
      "needsAlphaTest": false,
      "transparencyRatio": 0
    },
    "blocks/bookshelf-spruce/+y.png": {
      "u0": 0.541015625,
      "v0": 0.08203125,
      "u1": 0.552734375,
      "v1": 0.10546875,
      "averageRGB": [
        0.5996800108932462,
        0.34869961873638344,
        0.1761505991285403
      ],
      "isTransparent": false,
      "needsAlphaTest": false,
      "transparencyRatio": 0
    },
    "blocks/bookshelf-spruce/+z.png": {
      "u0": 0.572265625,
      "v0": 0.08203125,
      "u1": 0.583984375,
      "v1": 0.10546875,
      "averageRGB": [
        0.5260688997821351,
        0.39610566448801743,
        0.30178376906318083
      ],
      "isTransparent": false,
      "needsAlphaTest": false,
      "transparencyRatio": 0
    },
    "blocks/bookshelf-spruce/-x.png": {
      "u0": 0.603515625,
      "v0": 0.08203125,
      "u1": 0.615234375,
      "v1": 0.10546875,
      "averageRGB": [
        0.5260688997821351,
        0.39610566448801743,
        0.30178376906318083
      ],
      "isTransparent": false,
      "needsAlphaTest": false,
      "transparencyRatio": 0
    },
    "blocks/bookshelf-spruce/-y.png": {
      "u0": 0.634765625,
      "v0": 0.08203125,
      "u1": 0.646484375,
      "v1": 0.10546875,
      "averageRGB": [
        0.5996800108932462,
        0.34869961873638344,
        0.1761505991285403
      ],
      "isTransparent": false,
      "needsAlphaTest": false,
      "transparencyRatio": 0
    },
    "blocks/bookshelf-spruce/-z.png": {
      "u0": 0.666015625,
      "v0": 0.08203125,
      "u1": 0.677734375,
      "v1": 0.10546875,
      "averageRGB": [
        0.5260688997821351,
        0.39610566448801743,
        0.30178376906318083
      ],
      "isTransparent": false,
      "needsAlphaTest": false,
      "transparencyRatio": 0
    },
    "blocks/bricks-black.png": {
      "u0": 0.697265625,
      "v0": 0.08203125,
      "u1": 0.708984375,
      "v1": 0.10546875,
      "averageRGB": [
        0.2793981481481481,
        0.2686002178649238,
        0.2686002178649238
      ],
      "isTransparent": false,
      "needsAlphaTest": false,
      "transparencyRatio": 0
    },
    "blocks/bricks-blue.png": {
      "u0": 0.728515625,
      "v0": 0.08203125,
      "u1": 0.740234375,
      "v1": 0.10546875,
      "averageRGB": [
        0.37561955337690633,
        0.5100626361655773,
        0.8454180283224401
      ],
      "isTransparent": false,
      "needsAlphaTest": false,
      "transparencyRatio": 0
    },
    "blocks/bricks-brown.png": {
      "u0": 0.759765625,
      "v0": 0.08203125,
      "u1": 0.771484375,
      "v1": 0.10546875,
      "averageRGB": [
        0.6639910130718955,
        0.3587826797385621,
        0.26664624183006536
      ],
      "isTransparent": false,
      "needsAlphaTest": false,
      "transparencyRatio": 0
    },
    "blocks/bricks-cyan.png": {
      "u0": 0.791015625,
      "v0": 0.08203125,
      "u1": 0.802734375,
      "v1": 0.10546875,
      "averageRGB": [
        0.24237472766884532,
        0.7196759259259259,
        0.7146786492374727
      ],
      "isTransparent": false,
      "needsAlphaTest": false,
      "transparencyRatio": 0
    },
    "blocks/bricks-gray.png": {
      "u0": 0.822265625,
      "v0": 0.08203125,
      "u1": 0.833984375,
      "v1": 0.10546875,
      "averageRGB": [
        0.48934504357298475,
        0.48934504357298475,
        0.48934504357298475
      ],
      "isTransparent": false,
      "needsAlphaTest": false,
      "transparencyRatio": 0
    },
    "blocks/bricks-green.png": {
      "u0": 0.853515625,
      "v0": 0.08203125,
      "u1": 0.865234375,
      "v1": 0.10546875,
      "averageRGB": [
        0.5405296840958607,
        0.7756127450980392,
        0.3689406318082789
      ],
      "isTransparent": false,
      "needsAlphaTest": false,
      "transparencyRatio": 0
    },
    "blocks/bricks-light-blue.png": {
      "u0": 0.884765625,
      "v0": 0.08203125,
      "u1": 0.896484375,
      "v1": 0.10546875,
      "averageRGB": [
        0.33956290849673204,
        0.7498502178649237,
        0.9521241830065359
      ],
      "isTransparent": false,
      "needsAlphaTest": false,
      "transparencyRatio": 0
    },
    "blocks/bricks-light-gray.png": {
      "u0": 0.916015625,
      "v0": 0.08203125,
      "u1": 0.927734375,
      "v1": 0.10546875,
      "averageRGB": [
        0.6859340958605665,
        0.6859340958605665,
        0.6859340958605665
      ],
      "isTransparent": false,
      "needsAlphaTest": false,
      "transparencyRatio": 0
    },
    "blocks/bricks-lime.png": {
      "u0": 0.947265625,
      "v0": 0.08203125,
      "u1": 0.958984375,
      "v1": 0.10546875,
      "averageRGB": [
        0.41001497821350763,
        0.8819512527233117,
        0.4127178649237473
      ],
      "isTransparent": false,
      "needsAlphaTest": false,
      "transparencyRatio": 0
    },
    "blocks/bricks-magenta.png": {
      "u0": 0.978515625,
      "v0": 0.08203125,
      "u1": 0.990234375,
      "v1": 0.10546875,
      "averageRGB": [
        0.8134872004357299,
        0.42335239651416123,
        0.9376565904139433
      ],
      "isTransparent": false,
      "needsAlphaTest": false,
      "transparencyRatio": 0
    },
    "blocks/bricks-orange.png": {
      "u0": 0.009765625,
      "v0": 0.14453125,
      "u1": 0.021484375,
      "v1": 0.16796875,
      "averageRGB": [
        0.92859477124183,
        0.5066789215686275,
        0.2702205882352941
      ],
      "isTransparent": false,
      "needsAlphaTest": false,
      "transparencyRatio": 0
    },
    "blocks/bricks-pink.png": {
      "u0": 0.041015625,
      "v0": 0.14453125,
      "u1": 0.052734375,
      "v1": 0.16796875,
      "averageRGB": [
        0.966087962962963,
        0.5489719498910676,
        0.8031726579520697
      ],
      "isTransparent": false,
      "needsAlphaTest": false,
      "transparencyRatio": 0
    },
    "blocks/bricks-purple.png": {
      "u0": 0.072265625,
      "v0": 0.14453125,
      "u1": 0.083984375,
      "v1": 0.16796875,
      "averageRGB": [
        0.6412377450980392,
        0.4581835511982571,
        0.9435185185185185
      ],
      "isTransparent": false,
      "needsAlphaTest": false,
      "transparencyRatio": 0
    },
    "blocks/bricks-red.png": {
      "u0": 0.103515625,
      "v0": 0.14453125,
      "u1": 0.115234375,
      "v1": 0.16796875,
      "averageRGB": [
        0.8138139978213508,
        0.38224400871459696,
        0.37026143790849675
      ],
      "isTransparent": false,
      "needsAlphaTest": false,
      "transparencyRatio": 0
    },
    "blocks/bricks-white.png": {
      "u0": 0.134765625,
      "v0": 0.14453125,
      "u1": 0.146484375,
      "v1": 0.16796875,
      "averageRGB": [
        0.8637459150326797,
        0.8637459150326797,
        0.8637459150326797
      ],
      "isTransparent": false,
      "needsAlphaTest": false,
      "transparencyRatio": 0
    },
    "blocks/bricks-yellow.png": {
      "u0": 0.166015625,
      "v0": 0.14453125,
      "u1": 0.177734375,
      "v1": 0.16796875,
      "averageRGB": [
        0.9907407407407407,
        0.7670615468409586,
        0.32826797385620915
      ],
      "isTransparent": false,
      "needsAlphaTest": false,
      "transparencyRatio": 0
    },
    "blocks/bricks.png": {
      "u0": 0.197265625,
      "v0": 0.14453125,
      "u1": 0.208984375,
      "v1": 0.16796875,
      "averageRGB": [
        0.8138139978213508,
        0.38224400871459696,
        0.37026143790849675
      ],
      "isTransparent": false,
      "needsAlphaTest": false,
      "transparencyRatio": 0
    },
    "blocks/brown-concrete.png": {
      "u0": 0.228515625,
      "v0": 0.14453125,
      "u1": 0.240234375,
      "v1": 0.16796875,
      "averageRGB": [
        0.6029479847494553,
        0.23254357298474948,
        0.13242783224400873
      ],
      "isTransparent": false,
      "needsAlphaTest": false,
      "transparencyRatio": 0
    },
    "blocks/brown-mushroom-block.png": {
      "u0": 0.259765625,
      "v0": 0.14453125,
      "u1": 0.271484375,
      "v1": 0.16796875,
      "averageRGB": [
        0.6081290849673202,
        0.4254970043572985,
        0.30559640522875814
      ],
      "isTransparent": false,
      "needsAlphaTest": false,
      "transparencyRatio": 0
    },
    "blocks/cherry-leaves.png": {
      "u0": 0.291015625,
      "v0": 0.14453125,
      "u1": 0.302734375,
      "v1": 0.16796875,
      "averageRGB": [
        0.8245710784313726,
        0.5953567538126362,
        0.5907339324618737
      ],
      "isTransparent": false,
      "needsAlphaTest": true,
      "transparencyRatio": 0.06944444444444445
    },
    "blocks/coal-block.png": {
      "u0": 0.322265625,
      "v0": 0.14453125,
      "u1": 0.333984375,
      "v1": 0.16796875,
      "averageRGB": [
        0.12350217864923747,
        0.12069035947712418,
        0.17568763616557734
      ],
      "isTransparent": false,
      "needsAlphaTest": false,
      "transparencyRatio": 0
    },
    "blocks/coal-ore.png": {
      "u0": 0.353515625,
      "v0": 0.14453125,
      "u1": 0.365234375,
      "v1": 0.16796875,
      "averageRGB": [
        0.42207924836601307,
        0.42257625272331156,
        0.44046160130718953
      ],
      "isTransparent": false,
      "needsAlphaTest": false,
      "transparencyRatio": 0
    },
    "blocks/cobbled-deepslate.png": {
      "u0": 0.384765625,
      "v0": 0.14453125,
      "u1": 0.396484375,
      "v1": 0.16796875,
      "averageRGB": [
        0.29179602396514165,
        0.29179602396514165,
        0.29179602396514165
      ],
      "isTransparent": false,
      "needsAlphaTest": false,
      "transparencyRatio": 0
    },
    "blocks/cobblestone-snow/+x.png": {
      "u0": 0.416015625,
      "v0": 0.14453125,
      "u1": 0.427734375,
      "v1": 0.16796875,
      "averageRGB": [
        0.6505718954248366,
        0.7092660675381264,
        0.7315019063180828
      ],
      "isTransparent": false,
      "needsAlphaTest": false,
      "transparencyRatio": 0
    },
    "blocks/cobblestone-snow/+y.png": {
      "u0": 0.447265625,
      "v0": 0.14453125,
      "u1": 0.458984375,
      "v1": 0.16796875,
      "averageRGB": [
        0.9681304466230937,
        0.9994076797385621,
        0.9983319716775599
      ],
      "isTransparent": false,
      "needsAlphaTest": false,
      "transparencyRatio": 0
    },
    "blocks/cobblestone-snow/+z.png": {
      "u0": 0.478515625,
      "v0": 0.14453125,
      "u1": 0.490234375,
      "v1": 0.16796875,
      "averageRGB": [
        0.6505718954248366,
        0.7092660675381264,
        0.7315019063180828
      ],
      "isTransparent": false,
      "needsAlphaTest": false,
      "transparencyRatio": 0
    },
    "blocks/cobblestone-snow/-x.png": {
      "u0": 0.509765625,
      "v0": 0.14453125,
      "u1": 0.521484375,
      "v1": 0.16796875,
      "averageRGB": [
        0.6505718954248366,
        0.7092660675381264,
        0.7315019063180828
      ],
      "isTransparent": false,
      "needsAlphaTest": false,
      "transparencyRatio": 0
    },
    "blocks/cobblestone-snow/-y.png": {
      "u0": 0.541015625,
      "v0": 0.14453125,
      "u1": 0.552734375,
      "v1": 0.16796875,
      "averageRGB": [
        0.47308006535947716,
        0.47308006535947716,
        0.47308006535947716
      ],
      "isTransparent": false,
      "needsAlphaTest": false,
      "transparencyRatio": 0
    },
    "blocks/cobblestone-snow/-z.png": {
      "u0": 0.572265625,
      "v0": 0.14453125,
      "u1": 0.583984375,
      "v1": 0.16796875,
      "averageRGB": [
        0.6505718954248366,
        0.7092660675381264,
        0.7315019063180828
      ],
      "isTransparent": false,
      "needsAlphaTest": false,
      "transparencyRatio": 0
    },
    "blocks/cobblestone.png": {
      "u0": 0.603515625,
      "v0": 0.14453125,
      "u1": 0.615234375,
      "v1": 0.16796875,
      "averageRGB": [
        0.47308006535947716,
        0.47308006535947716,
        0.47308006535947716
      ],
      "isTransparent": false,
      "needsAlphaTest": false,
      "transparencyRatio": 0
    },
    "blocks/cyan-concrete.png": {
      "u0": 0.634765625,
      "v0": 0.14453125,
      "u1": 0.646484375,
      "v1": 0.16796875,
      "averageRGB": [
        0,
        0.6382080610021786,
        0.6257829520697168
      ],
      "isTransparent": false,
      "needsAlphaTest": false,
      "transparencyRatio": 0
    },
    "blocks/dark-oak-leaves.png": {
      "u0": 0.666015625,
      "v0": 0.14453125,
      "u1": 0.677734375,
      "v1": 0.16796875,
      "averageRGB": [
        0.1905977668845316,
        0.4153254357298475,
        0.058775871459694984
      ],
      "isTransparent": false,
      "needsAlphaTest": true,
      "transparencyRatio": 0.1388888888888889
    },
    "blocks/deepslate-coal-ore.png": {
      "u0": 0.697265625,
      "v0": 0.14453125,
      "u1": 0.708984375,
      "v1": 0.16796875,
      "averageRGB": [
        0.2735974945533769,
        0.27437363834422657,
        0.29221132897603486
      ],
      "isTransparent": false,
      "needsAlphaTest": false,
      "transparencyRatio": 0
    },
    "blocks/deepslate-diamond-ore.png": {
      "u0": 0.728515625,
      "v0": 0.14453125,
      "u1": 0.740234375,
      "v1": 0.16796875,
      "averageRGB": [
        0.2485498366013072,
        0.40767293028322443,
        0.4226239106753813
      ],
      "isTransparent": false,
      "needsAlphaTest": false,
      "transparencyRatio": 0
    },
    "blocks/deepslate-emerald-ore.png": {
      "u0": 0.759765625,
      "v0": 0.14453125,
      "u1": 0.771484375,
      "v1": 0.16796875,
      "averageRGB": [
        0.24218409586056644,
        0.38530773420479303,
        0.26686410675381267
      ],
      "isTransparent": false,
      "needsAlphaTest": false,
      "transparencyRatio": 0
    },
    "blocks/deepslate-gold-ore.png": {
      "u0": 0.791015625,
      "v0": 0.14453125,
      "u1": 0.802734375,
      "v1": 0.16796875,
      "averageRGB": [
        0.44718818082788675,
        0.3779003267973856,
        0.2395152505446623
      ],
      "isTransparent": false,
      "needsAlphaTest": false,
      "transparencyRatio": 0
    },
    "blocks/deepslate-iron-ore.png": {
      "u0": 0.822265625,
      "v0": 0.14453125,
      "u1": 0.833984375,
      "v1": 0.16796875,
      "averageRGB": [
        0.3775122549019608,
        0.3276075708061002,
        0.3064133986928105
      ],
      "isTransparent": false,
      "needsAlphaTest": false,
      "transparencyRatio": 0
    },
    "blocks/deepslate-ruby-ore.png": {
      "u0": 0.853515625,
      "v0": 0.14453125,
      "u1": 0.865234375,
      "v1": 0.16796875,
      "averageRGB": [
        0.37576933551198255,
        0.272875816993464,
        0.284245642701525
      ],
      "isTransparent": false,
      "needsAlphaTest": false,
      "transparencyRatio": 0
    },
    "blocks/deepslate-sapphire-ore.png": {
      "u0": 0.884765625,
      "v0": 0.14453125,
      "u1": 0.896484375,
      "v1": 0.16796875,
      "averageRGB": [
        0.320479302832244,
        0.31286764705882353,
        0.4093818082788671
      ],
      "isTransparent": false,
      "needsAlphaTest": false,
      "transparencyRatio": 0
    },
    "blocks/deepslate.png": {
      "u0": 0.916015625,
      "v0": 0.14453125,
      "u1": 0.927734375,
      "v1": 0.16796875,
      "averageRGB": [
        0.31085920479302837,
        0.31085920479302837,
        0.31085920479302837
      ],
      "isTransparent": false,
      "needsAlphaTest": false,
      "transparencyRatio": 0
    },
    "blocks/diamond-block.png": {
      "u0": 0.947265625,
      "v0": 0.14453125,
      "u1": 0.958984375,
      "v1": 0.16796875,
      "averageRGB": [
        0.23225762527233115,
        0.8309095860566449,
        0.8627791394335511
      ],
      "isTransparent": false,
      "needsAlphaTest": false,
      "transparencyRatio": 0
    },
    "blocks/diamond-ore.png": {
      "u0": 0.978515625,
      "v0": 0.14453125,
      "u1": 0.990234375,
      "v1": 0.16796875,
      "averageRGB": [
        0.3840754357298475,
        0.5478281590413943,
        0.565230119825708
      ],
      "isTransparent": false,
      "needsAlphaTest": false,
      "transparencyRatio": 0
    },
    "blocks/diorite.png": {
      "u0": 0.009765625,
      "v0": 0.20703125,
      "u1": 0.021484375,
      "v1": 0.23046875,
      "averageRGB": [
        0.8851171023965142,
        0.8885484749455338,
        0.9008442265795207
      ],
      "isTransparent": false,
      "needsAlphaTest": false,
      "transparencyRatio": 0
    },
    "blocks/dirt-arcade.png": {
      "u0": 0.041015625,
      "v0": 0.20703125,
      "u1": 0.052734375,
      "v1": 0.23046875,
      "averageRGB": [
        0.668355119825708,
        0.3553649237472767,
        0.09810049019607843
      ],
      "isTransparent": false,
      "needsAlphaTest": false,
      "transparencyRatio": 0
    },
    "blocks/dirt.png": {
      "u0": 0.072265625,
      "v0": 0.20703125,
      "u1": 0.083984375,
      "v1": 0.23046875,
      "averageRGB": [
        0.5741353485838779,
        0.3047930283224401,
        0.20411900871459696
      ],
      "isTransparent": false,
      "needsAlphaTest": false,
      "transparencyRatio": 0
    },
    "blocks/emerald-block.png": {
      "u0": 0.103515625,
      "v0": 0.20703125,
      "u1": 0.115234375,
      "v1": 0.23046875,
      "averageRGB": [
        0.1493736383442266,
        0.8104575163398693,
        0.1645492919389978
      ],
      "isTransparent": false,
      "needsAlphaTest": false,
      "transparencyRatio": 0
    },
    "blocks/emerald-ore.png": {
      "u0": 0.134765625,
      "v0": 0.20703125,
      "u1": 0.146484375,
      "v1": 0.23046875,
      "averageRGB": [
        0.39251770152505444,
        0.5383374183006535,
        0.41854575163398694
      ],
      "isTransparent": false,
      "needsAlphaTest": false,
      "transparencyRatio": 0
    },
    "blocks/error.png": {
      "u0": 0.166015625,
      "v0": 0.20703125,
      "u1": 0.177734375,
      "v1": 0.23046875,
      "averageRGB": [
        0.5969635076252724,
        0.21875,
        0.5969635076252724
      ],
      "isTransparent": false,
      "needsAlphaTest": false,
      "transparencyRatio": 0
    },
    "blocks/farmland-moist/+x.png": {
      "u0": 0.197265625,
      "v0": 0.20703125,
      "u1": 0.208984375,
      "v1": 0.23046875,
      "averageRGB": [
        0.5741353485838779,
        0.3047930283224401,
        0.20411900871459696
      ],
      "isTransparent": false,
      "needsAlphaTest": false,
      "transparencyRatio": 0
    },
    "blocks/farmland-moist/+y.png": {
      "u0": 0.228515625,
      "v0": 0.20703125,
      "u1": 0.240234375,
      "v1": 0.23046875,
      "averageRGB": [
        0.45795887799564267,
        0.21555691721132897,
        0.12470043572984749
      ],
      "isTransparent": false,
      "needsAlphaTest": false,
      "transparencyRatio": 0
    },
    "blocks/farmland-moist/+z.png": {
      "u0": 0.259765625,
      "v0": 0.20703125,
      "u1": 0.271484375,
      "v1": 0.23046875,
      "averageRGB": [
        0.5741353485838779,
        0.3047930283224401,
        0.20411900871459696
      ],
      "isTransparent": false,
      "needsAlphaTest": false,
      "transparencyRatio": 0
    },
    "blocks/farmland-moist/-x.png": {
      "u0": 0.291015625,
      "v0": 0.20703125,
      "u1": 0.302734375,
      "v1": 0.23046875,
      "averageRGB": [
        0.5741353485838779,
        0.3047930283224401,
        0.20411900871459696
      ],
      "isTransparent": false,
      "needsAlphaTest": false,
      "transparencyRatio": 0
    },
    "blocks/farmland-moist/-y.png": {
      "u0": 0.322265625,
      "v0": 0.20703125,
      "u1": 0.333984375,
      "v1": 0.23046875,
      "averageRGB": [
        0.5741353485838779,
        0.3047930283224401,
        0.20411900871459696
      ],
      "isTransparent": false,
      "needsAlphaTest": false,
      "transparencyRatio": 0
    },
    "blocks/farmland-moist/-z.png": {
      "u0": 0.353515625,
      "v0": 0.20703125,
      "u1": 0.365234375,
      "v1": 0.23046875,
      "averageRGB": [
        0.5741353485838779,
        0.3047930283224401,
        0.20411900871459696
      ],
      "isTransparent": false,
      "needsAlphaTest": false,
      "transparencyRatio": 0
    },
    "blocks/farmland/+x.png": {
      "u0": 0.384765625,
      "v0": 0.20703125,
      "u1": 0.396484375,
      "v1": 0.23046875,
      "averageRGB": [
        0.5741353485838779,
        0.3047930283224401,
        0.20411900871459696
      ],
      "isTransparent": false,
      "needsAlphaTest": false,
      "transparencyRatio": 0
    },
    "blocks/farmland/+y.png": {
      "u0": 0.416015625,
      "v0": 0.20703125,
      "u1": 0.427734375,
      "v1": 0.23046875,
      "averageRGB": [
        0.5652505446623094,
        0.3030433006535948,
        0.20433006535947712
      ],
      "isTransparent": false,
      "needsAlphaTest": false,
      "transparencyRatio": 0
    },
    "blocks/farmland/+z.png": {
      "u0": 0.447265625,
      "v0": 0.20703125,
      "u1": 0.458984375,
      "v1": 0.23046875,
      "averageRGB": [
        0.5741353485838779,
        0.3047930283224401,
        0.20411900871459696
      ],
      "isTransparent": false,
      "needsAlphaTest": false,
      "transparencyRatio": 0
    },
    "blocks/farmland/-x.png": {
      "u0": 0.478515625,
      "v0": 0.20703125,
      "u1": 0.490234375,
      "v1": 0.23046875,
      "averageRGB": [
        0.5741353485838779,
        0.3047930283224401,
        0.20411900871459696
      ],
      "isTransparent": false,
      "needsAlphaTest": false,
      "transparencyRatio": 0
    },
    "blocks/farmland/-y.png": {
      "u0": 0.509765625,
      "v0": 0.20703125,
      "u1": 0.521484375,
      "v1": 0.23046875,
      "averageRGB": [
        0.5741353485838779,
        0.3047930283224401,
        0.20411900871459696
      ],
      "isTransparent": false,
      "needsAlphaTest": false,
      "transparencyRatio": 0
    },
    "blocks/farmland/-z.png": {
      "u0": 0.541015625,
      "v0": 0.20703125,
      "u1": 0.552734375,
      "v1": 0.23046875,
      "averageRGB": [
        0.5741353485838779,
        0.3047930283224401,
        0.20411900871459696
      ],
      "isTransparent": false,
      "needsAlphaTest": false,
      "transparencyRatio": 0
    },
    "blocks/glass-aqua.png": {
      "u0": 0.572265625,
      "v0": 0.20703125,
      "u1": 0.583984375,
      "v1": 0.23046875,
      "averageRGB": [
        0,
        0.48476307189542484,
        0.5064406318082789
      ],
      "isTransparent": true,
      "needsAlphaTest": false,
      "transparencyRatio": 0.4010416666666641
    },
    "blocks/glass-black.png": {
      "u0": 0.603515625,
      "v0": 0.20703125,
      "u1": 0.615234375,
      "v1": 0.23046875,
      "averageRGB": [
        0.22408088235294119,
        0.2068082788671024,
        0.20324754901960784
      ],
      "isTransparent": true,
      "needsAlphaTest": false,
      "transparencyRatio": 0.4010416666666641
    },
    "blocks/glass-blue.png": {
      "u0": 0.634765625,
      "v0": 0.20703125,
      "u1": 0.646484375,
      "v1": 0.23046875,
      "averageRGB": [
        0.22364515250544661,
        0.3906318082788671,
        0.7733728213507626
      ],
      "isTransparent": true,
      "needsAlphaTest": false,
      "transparencyRatio": 0.4010416666666641
    },
    "blocks/glass-brown.png": {
      "u0": 0.666015625,
      "v0": 0.20703125,
      "u1": 0.677734375,
      "v1": 0.23046875,
      "averageRGB": [
        0.44163262527233116,
        0.2715482026143791,
        0.19428785403050108
      ],
      "isTransparent": true,
      "needsAlphaTest": false,
      "transparencyRatio": 0.4010416666666641
    },
    "blocks/glass-dark-gray.png": {
      "u0": 0.697265625,
      "v0": 0.20703125,
      "u1": 0.708984375,
      "v1": 0.23046875,
      "averageRGB": [
        0.34958469498910677,
        0.34958469498910677,
        0.34958469498910677
      ],
      "isTransparent": true,
      "needsAlphaTest": false,
      "transparencyRatio": 0.4010416666666641
    },
    "blocks/glass-green.png": {
      "u0": 0.728515625,
      "v0": 0.20703125,
      "u1": 0.740234375,
      "v1": 0.23046875,
      "averageRGB": [
        0.30346541394335513,
        0.59421977124183,
        0.1337826797385621
      ],
      "isTransparent": true,
      "needsAlphaTest": false,
      "transparencyRatio": 0.4010416666666641
    },
    "blocks/glass-light-blue.png": {
      "u0": 0.759765625,
      "v0": 0.20703125,
      "u1": 0.771484375,
      "v1": 0.23046875,
      "averageRGB": [
        0.1264093137254902,
        0.589433551198257,
        0.8576048474945533
      ],
      "isTransparent": true,
      "needsAlphaTest": false,
      "transparencyRatio": 0.4010416666666641
    },
    "blocks/glass-light-gray.png": {
      "u0": 0.791015625,
      "v0": 0.20703125,
      "u1": 0.802734375,
      "v1": 0.23046875,
      "averageRGB": [
        0.5844226579520697,
        0.5844226579520697,
        0.5844226579520697
      ],
      "isTransparent": true,
      "needsAlphaTest": false,
      "transparencyRatio": 0.4010416666666641
    },
    "blocks/glass-lime.png": {
      "u0": 0.822265625,
      "v0": 0.20703125,
      "u1": 0.833984375,
      "v1": 0.23046875,
      "averageRGB": [
        0.2907883986928105,
        0.6676811002178649,
        0.3039556100217865
      ],
      "isTransparent": true,
      "needsAlphaTest": false,
      "transparencyRatio": 0.4010416666666641
    },
    "blocks/glass-magenta.png": {
      "u0": 0.853515625,
      "v0": 0.20703125,
      "u1": 0.865234375,
      "v1": 0.23046875,
      "averageRGB": [
        0.6990740740740741,
        0.17318218954248368,
        0.9241625816993464
      ],
      "isTransparent": true,
      "needsAlphaTest": false,
      "transparencyRatio": 0.4010416666666641
    },
    "blocks/glass-orange.png": {
      "u0": 0.884765625,
      "v0": 0.20703125,
      "u1": 0.896484375,
      "v1": 0.23046875,
      "averageRGB": [
        0.7889161220043573,
        0.3277096949891068,
        0.06062091503267974
      ],
      "isTransparent": true,
      "needsAlphaTest": false,
      "transparencyRatio": 0.4010416666666641
    },
    "blocks/glass-pink.png": {
      "u0": 0.916015625,
      "v0": 0.20703125,
      "u1": 0.927734375,
      "v1": 0.23046875,
      "averageRGB": [
        0.9717728758169935,
        0.26859340958605665,
        0.6620710784313726
      ],
      "isTransparent": true,
      "needsAlphaTest": false,
      "transparencyRatio": 0.4010416666666641
    },
    "blocks/glass-purple.png": {
      "u0": 0.947265625,
      "v0": 0.20703125,
      "u1": 0.958984375,
      "v1": 0.23046875,
      "averageRGB": [
        0.5821010348583878,
        0.2605187908496732,
        0.9842796840958606
      ],
      "isTransparent": true,
      "needsAlphaTest": false,
      "transparencyRatio": 0.4010416666666641
    },
    "blocks/glass-red.png": {
      "u0": 0.978515625,
      "v0": 0.20703125,
      "u1": 0.990234375,
      "v1": 0.23046875,
      "averageRGB": [
        0.6851783769063181,
        0.16262254901960785,
        0.14934640522875817
      ],
      "isTransparent": true,
      "needsAlphaTest": false,
      "transparencyRatio": 0.4010416666666641
    },
    "blocks/glass-white.png": {
      "u0": 0.009765625,
      "v0": 0.26953125,
      "u1": 0.021484375,
      "v1": 0.29296875,
      "averageRGB": [
        0.6879765795206971,
        0.6879765795206971,
        0.6879765795206971
      ],
      "isTransparent": true,
      "needsAlphaTest": false,
      "transparencyRatio": 0.4010416666666641
    },
    "blocks/glass-yellow.png": {
      "u0": 0.041015625,
      "v0": 0.26953125,
      "u1": 0.052734375,
      "v1": 0.29296875,
      "averageRGB": [
        0.8789488017429194,
        0.5819921023965142,
        0.04413807189542484
      ],
      "isTransparent": true,
      "needsAlphaTest": false,
      "transparencyRatio": 0.4010416666666641
    },
    "blocks/glass.png": {
      "u0": 0.072265625,
      "v0": 0.26953125,
      "u1": 0.083984375,
      "v1": 0.29296875,
      "averageRGB": [
        0.2511165577342048,
        0.2598992374727669,
        0.3038398692810458
      ],
      "isTransparent": false,
      "needsAlphaTest": true,
      "transparencyRatio": 0.6684027777777778
    },
    "blocks/gold-block.png": {
      "u0": 0.103515625,
      "v0": 0.26953125,
      "u1": 0.115234375,
      "v1": 0.29296875,
      "averageRGB": [
        0.9704316448801743,
        0.7897399237472766,
        0.1814542483660131
      ],
      "isTransparent": false,
      "needsAlphaTest": false,
      "transparencyRatio": 0
    },
    "blocks/gold-ore.png": {
      "u0": 0.134765625,
      "v0": 0.26953125,
      "u1": 0.146484375,
      "v1": 0.29296875,
      "averageRGB": [
        0.6034586056644881,
        0.5322984749455337,
        0.38931781045751634
      ],
      "isTransparent": false,
      "needsAlphaTest": false,
      "transparencyRatio": 0
    },
    "blocks/granite.png": {
      "u0": 0.166015625,
      "v0": 0.26953125,
      "u1": 0.177734375,
      "v1": 0.29296875,
      "averageRGB": [
        0.7169594226579521,
        0.42848583877995644,
        0.36232298474945535
      ],
      "isTransparent": false,
      "needsAlphaTest": false,
      "transparencyRatio": 0
    },
    "blocks/grass-arcade.png": {
      "u0": 0.197265625,
      "v0": 0.26953125,
      "u1": 0.208984375,
      "v1": 0.29296875,
      "averageRGB": [
        0.19423338779956426,
        0.6369825708061002,
        0.061117919389978216
      ],
      "isTransparent": false,
      "needsAlphaTest": false,
      "transparencyRatio": 0
    },
    "blocks/grass-block-pine/+x.png": {
      "u0": 0.228515625,
      "v0": 0.26953125,
      "u1": 0.240234375,
      "v1": 0.29296875,
      "averageRGB": [
        0.43233932461873636,
        0.37100354030501087,
        0.1912105119825708
      ],
      "isTransparent": false,
      "needsAlphaTest": false,
      "transparencyRatio": 0
    },
    "blocks/grass-block-pine/+y.png": {
      "u0": 0.259765625,
      "v0": 0.26953125,
      "u1": 0.271484375,
      "v1": 0.29296875,
      "averageRGB": [
        0.2606821895424836,
        0.5727805010893245,
        0.20411900871459696
      ],
      "isTransparent": false,
      "needsAlphaTest": false,
      "transparencyRatio": 0
    },
    "blocks/grass-block-pine/+z.png": {
      "u0": 0.291015625,
      "v0": 0.26953125,
      "u1": 0.302734375,
      "v1": 0.29296875,
      "averageRGB": [
        0.43233932461873636,
        0.37100354030501087,
        0.1912105119825708
      ],
      "isTransparent": false,
      "needsAlphaTest": false,
      "transparencyRatio": 0
    },
    "blocks/grass-block-pine/-x.png": {
      "u0": 0.322265625,
      "v0": 0.26953125,
      "u1": 0.333984375,
      "v1": 0.29296875,
      "averageRGB": [
        0.43233932461873636,
        0.37100354030501087,
        0.1912105119825708
      ],
      "isTransparent": false,
      "needsAlphaTest": false,
      "transparencyRatio": 0
    },
    "blocks/grass-block-pine/-y.png": {
      "u0": 0.353515625,
      "v0": 0.26953125,
      "u1": 0.365234375,
      "v1": 0.29296875,
      "averageRGB": [
        0.5741353485838779,
        0.3047930283224401,
        0.20411900871459696
      ],
      "isTransparent": false,
      "needsAlphaTest": false,
      "transparencyRatio": 0
    },
    "blocks/grass-block-pine/-z.png": {
      "u0": 0.384765625,
      "v0": 0.26953125,
      "u1": 0.396484375,
      "v1": 0.29296875,
      "averageRGB": [
        0.43233932461873636,
        0.37100354030501087,
        0.1912105119825708
      ],
      "isTransparent": false,
      "needsAlphaTest": false,
      "transparencyRatio": 0
    },
    "blocks/grass-block/+x.png": {
      "u0": 0.416015625,
      "v0": 0.26953125,
      "u1": 0.427734375,
      "v1": 0.29296875,
      "averageRGB": [
        0.5078022875816994,
        0.40532407407407406,
        0.18389842047930283
      ],
      "isTransparent": false,
      "needsAlphaTest": false,
      "transparencyRatio": 0
    },
    "blocks/grass-block/+y.png": {
      "u0": 0.447265625,
      "v0": 0.26953125,
      "u1": 0.458984375,
      "v1": 0.29296875,
      "averageRGB": [
        0.49923066448801745,
        0.6703976034858388,
        0.173604302832244
      ],
      "isTransparent": false,
      "needsAlphaTest": false,
      "transparencyRatio": 0
    },
    "blocks/grass-block/+z.png": {
      "u0": 0.478515625,
      "v0": 0.26953125,
      "u1": 0.490234375,
      "v1": 0.29296875,
      "averageRGB": [
        0.5078022875816994,
        0.40532407407407406,
        0.18389842047930283
      ],
      "isTransparent": false,
      "needsAlphaTest": false,
      "transparencyRatio": 0
    },
    "blocks/grass-block/-x.png": {
      "u0": 0.509765625,
      "v0": 0.26953125,
      "u1": 0.521484375,
      "v1": 0.29296875,
      "averageRGB": [
        0.5078022875816994,
        0.40532407407407406,
        0.18389842047930283
      ],
      "isTransparent": false,
      "needsAlphaTest": false,
      "transparencyRatio": 0
    },
    "blocks/grass-block/-y.png": {
      "u0": 0.541015625,
      "v0": 0.26953125,
      "u1": 0.552734375,
      "v1": 0.29296875,
      "averageRGB": [
        0.5741353485838779,
        0.3047930283224401,
        0.20411900871459696
      ],
      "isTransparent": false,
      "needsAlphaTest": false,
      "transparencyRatio": 0
    },
    "blocks/grass-block/-z.png": {
      "u0": 0.572265625,
      "v0": 0.26953125,
      "u1": 0.583984375,
      "v1": 0.29296875,
      "averageRGB": [
        0.5078022875816994,
        0.40532407407407406,
        0.18389842047930283
      ],
      "isTransparent": false,
      "needsAlphaTest": false,
      "transparencyRatio": 0
    },
    "blocks/grass-flower-block-pine/+x.png": {
      "u0": 0.603515625,
      "v0": 0.26953125,
      "u1": 0.615234375,
      "v1": 0.29296875,
      "averageRGB": [
        0.43233932461873636,
        0.37100354030501087,
        0.1912105119825708
      ],
      "isTransparent": false,
      "needsAlphaTest": false,
      "transparencyRatio": 0
    },
    "blocks/grass-flower-block-pine/+y.png": {
      "u0": 0.634765625,
      "v0": 0.26953125,
      "u1": 0.646484375,
      "v1": 0.29296875,
      "averageRGB": [
        0.3434095860566449,
        0.5607162309368191,
        0.23542347494553378
      ],
      "isTransparent": false,
      "needsAlphaTest": false,
      "transparencyRatio": 0
    },
    "blocks/grass-flower-block-pine/+z.png": {
      "u0": 0.666015625,
      "v0": 0.26953125,
      "u1": 0.677734375,
      "v1": 0.29296875,
      "averageRGB": [
        0.43233932461873636,
        0.37100354030501087,
        0.1912105119825708
      ],
      "isTransparent": false,
      "needsAlphaTest": false,
      "transparencyRatio": 0
    },
    "blocks/grass-flower-block-pine/-x.png": {
      "u0": 0.697265625,
      "v0": 0.26953125,
      "u1": 0.708984375,
      "v1": 0.29296875,
      "averageRGB": [
        0.43233932461873636,
        0.37100354030501087,
        0.1912105119825708
      ],
      "isTransparent": false,
      "needsAlphaTest": false,
      "transparencyRatio": 0
    },
    "blocks/grass-flower-block-pine/-y.png": {
      "u0": 0.728515625,
      "v0": 0.26953125,
      "u1": 0.740234375,
      "v1": 0.29296875,
      "averageRGB": [
        0.5741353485838779,
        0.3047930283224401,
        0.20411900871459696
      ],
      "isTransparent": false,
      "needsAlphaTest": false,
      "transparencyRatio": 0
    },
    "blocks/grass-flower-block-pine/-z.png": {
      "u0": 0.759765625,
      "v0": 0.26953125,
      "u1": 0.771484375,
      "v1": 0.29296875,
      "averageRGB": [
        0.43233932461873636,
        0.37100354030501087,
        0.1912105119825708
      ],
      "isTransparent": false,
      "needsAlphaTest": false,
      "transparencyRatio": 0
    },
    "blocks/grass-flower-block/+x.png": {
      "u0": 0.791015625,
      "v0": 0.26953125,
      "u1": 0.802734375,
      "v1": 0.29296875,
      "averageRGB": [
        0.5078022875816994,
        0.40532407407407406,
        0.18389842047930283
      ],
      "isTransparent": false,
      "needsAlphaTest": false,
      "transparencyRatio": 0
    },
    "blocks/grass-flower-block/+y.png": {
      "u0": 0.822265625,
      "v0": 0.26953125,
      "u1": 0.833984375,
      "v1": 0.29296875,
      "averageRGB": [
        0.5575435729847494,
        0.6918028322440087,
        0.23540985838779954
      ],
      "isTransparent": false,
      "needsAlphaTest": false,
      "transparencyRatio": 0
    },
    "blocks/grass-flower-block/+z.png": {
      "u0": 0.853515625,
      "v0": 0.26953125,
      "u1": 0.865234375,
      "v1": 0.29296875,
      "averageRGB": [
        0.5078022875816994,
        0.40532407407407406,
        0.18389842047930283
      ],
      "isTransparent": false,
      "needsAlphaTest": false,
      "transparencyRatio": 0
    },
    "blocks/grass-flower-block/-x.png": {
      "u0": 0.884765625,
      "v0": 0.26953125,
      "u1": 0.896484375,
      "v1": 0.29296875,
      "averageRGB": [
        0.5078022875816994,
        0.40532407407407406,
        0.18389842047930283
      ],
      "isTransparent": false,
      "needsAlphaTest": false,
      "transparencyRatio": 0
    },
    "blocks/grass-flower-block/-y.png": {
      "u0": 0.916015625,
      "v0": 0.26953125,
      "u1": 0.927734375,
      "v1": 0.29296875,
      "averageRGB": [
        0.5741353485838779,
        0.3047930283224401,
        0.20411900871459696
      ],
      "isTransparent": false,
      "needsAlphaTest": false,
      "transparencyRatio": 0
    },
    "blocks/grass-flower-block/-z.png": {
      "u0": 0.947265625,
      "v0": 0.26953125,
      "u1": 0.958984375,
      "v1": 0.29296875,
      "averageRGB": [
        0.5078022875816994,
        0.40532407407407406,
        0.18389842047930283
      ],
      "isTransparent": false,
      "needsAlphaTest": false,
      "transparencyRatio": 0
    },
    "blocks/grass-flower-pine.png": {
      "u0": 0.978515625,
      "v0": 0.26953125,
      "u1": 0.990234375,
      "v1": 0.29296875,
      "averageRGB": [
        0.3434095860566449,
        0.5607162309368191,
        0.23542347494553378
      ],
      "isTransparent": false,
      "needsAlphaTest": false,
      "transparencyRatio": 0
    },
    "blocks/grass-flower.png": {
      "u0": 0.009765625,
      "v0": 0.33203125,
      "u1": 0.021484375,
      "v1": 0.35546875,
      "averageRGB": [
        0.5575435729847494,
        0.6918028322440087,
        0.23540985838779954
      ],
      "isTransparent": false,
      "needsAlphaTest": false,
      "transparencyRatio": 0
    },
    "blocks/grass-pine.png": {
      "u0": 0.041015625,
      "v0": 0.33203125,
      "u1": 0.052734375,
      "v1": 0.35546875,
      "averageRGB": [
        0.2606821895424836,
        0.5727805010893245,
        0.20411900871459696
      ],
      "isTransparent": false,
      "needsAlphaTest": false,
      "transparencyRatio": 0
    },
    "blocks/grass-snow-block/+x.png": {
      "u0": 0.072265625,
      "v0": 0.33203125,
      "u1": 0.083984375,
      "v1": 0.35546875,
      "averageRGB": [
        0.6672657952069716,
        0.5470452069716776,
        0.5218681917211329
      ],
      "isTransparent": false,
      "needsAlphaTest": false,
      "transparencyRatio": 0
    },
    "blocks/grass-snow-block/+y.png": {
      "u0": 0.103515625,
      "v0": 0.33203125,
      "u1": 0.115234375,
      "v1": 0.35546875,
      "averageRGB": [
        0.9681304466230937,
        0.9994076797385621,
        0.9983319716775599
      ],
      "isTransparent": false,
      "needsAlphaTest": false,
      "transparencyRatio": 0
    },
    "blocks/grass-snow-block/+z.png": {
      "u0": 0.134765625,
      "v0": 0.33203125,
      "u1": 0.146484375,
      "v1": 0.35546875,
      "averageRGB": [
        0.6672657952069716,
        0.5470452069716776,
        0.5218681917211329
      ],
      "isTransparent": false,
      "needsAlphaTest": false,
      "transparencyRatio": 0
    },
    "blocks/grass-snow-block/-x.png": {
      "u0": 0.166015625,
      "v0": 0.33203125,
      "u1": 0.177734375,
      "v1": 0.35546875,
      "averageRGB": [
        0.6672657952069716,
        0.5470452069716776,
        0.5218681917211329
      ],
      "isTransparent": false,
      "needsAlphaTest": false,
      "transparencyRatio": 0
    },
    "blocks/grass-snow-block/-y.png": {
      "u0": 0.197265625,
      "v0": 0.33203125,
      "u1": 0.208984375,
      "v1": 0.35546875,
      "averageRGB": [
        0.5741353485838779,
        0.3047930283224401,
        0.20411900871459696
      ],
      "isTransparent": false,
      "needsAlphaTest": false,
      "transparencyRatio": 0
    },
    "blocks/grass-snow-block/-z.png": {
      "u0": 0.228515625,
      "v0": 0.33203125,
      "u1": 0.240234375,
      "v1": 0.35546875,
      "averageRGB": [
        0.6672657952069716,
        0.5470452069716776,
        0.5218681917211329
      ],
      "isTransparent": false,
      "needsAlphaTest": false,
      "transparencyRatio": 0
    },
    "blocks/grass.png": {
      "u0": 0.259765625,
      "v0": 0.33203125,
      "u1": 0.271484375,
      "v1": 0.35546875,
      "averageRGB": [
        0.49923066448801745,
        0.6703976034858388,
        0.173604302832244
      ],
      "isTransparent": false,
      "needsAlphaTest": false,
      "transparencyRatio": 0
    },
    "blocks/gray-concrete.png": {
      "u0": 0.291015625,
      "v0": 0.33203125,
      "u1": 0.302734375,
      "v1": 0.35546875,
      "averageRGB": [
        0.40162717864923747,
        0.40162717864923747,
        0.40162717864923747
      ],
      "isTransparent": false,
      "needsAlphaTest": false,
      "transparencyRatio": 0
    },
    "blocks/green-concrete.png": {
      "u0": 0.322265625,
      "v0": 0.33203125,
      "u1": 0.333984375,
      "v1": 0.35546875,
      "averageRGB": [
        0.4259123093681917,
        0.7226851851851852,
        0.19909449891067538
      ],
      "isTransparent": false,
      "needsAlphaTest": false,
      "transparencyRatio": 0
    },
    "blocks/grid-copper.png": {
      "u0": 0.353515625,
      "v0": 0.33203125,
      "u1": 0.365234375,
      "v1": 0.35546875,
      "averageRGB": [
        0.6512118736383442,
        0.39704520697167756,
        0.23927015250544661
      ],
      "isTransparent": false,
      "needsAlphaTest": true,
      "transparencyRatio": 0.25
    },
    "blocks/grid-gold.png": {
      "u0": 0.384765625,
      "v0": 0.33203125,
      "u1": 0.396484375,
      "v1": 0.35546875,
      "averageRGB": [
        0.7028118191721133,
        0.5353622004357299,
        0.15335648148148148
      ],
      "isTransparent": false,
      "needsAlphaTest": true,
      "transparencyRatio": 0.25
    },
    "blocks/grid-iron.png": {
      "u0": 0.416015625,
      "v0": 0.33203125,
      "u1": 0.427734375,
      "v1": 0.35546875,
      "averageRGB": [
        0.45698529411764705,
        0.445874183006536,
        0.42399918300653594
      ],
      "isTransparent": false,
      "needsAlphaTest": true,
      "transparencyRatio": 0.25
    },
    "blocks/hay-block/+x.png": {
      "u0": 0.447265625,
      "v0": 0.33203125,
      "u1": 0.458984375,
      "v1": 0.35546875,
      "averageRGB": [
        0.7684027777777778,
        0.4927287581699346,
        0.08385076252723311
      ],
      "isTransparent": false,
      "needsAlphaTest": false,
      "transparencyRatio": 0
    },
    "blocks/hay-block/+y.png": {
      "u0": 0.478515625,
      "v0": 0.33203125,
      "u1": 0.490234375,
      "v1": 0.35546875,
      "averageRGB": [
        0.9395969498910676,
        0.7032203159041394,
        0.09006672113289761
      ],
      "isTransparent": false,
      "needsAlphaTest": false,
      "transparencyRatio": 0
    },
    "blocks/hay-block/+z.png": {
      "u0": 0.509765625,
      "v0": 0.33203125,
      "u1": 0.521484375,
      "v1": 0.35546875,
      "averageRGB": [
        0.7684027777777778,
        0.4927287581699346,
        0.08385076252723311
      ],
      "isTransparent": false,
      "needsAlphaTest": false,
      "transparencyRatio": 0
    },
    "blocks/hay-block/-x.png": {
      "u0": 0.541015625,
      "v0": 0.33203125,
      "u1": 0.552734375,
      "v1": 0.35546875,
      "averageRGB": [
        0.7684027777777778,
        0.4927287581699346,
        0.08385076252723311
      ],
      "isTransparent": false,
      "needsAlphaTest": false,
      "transparencyRatio": 0
    },
    "blocks/hay-block/-y.png": {
      "u0": 0.572265625,
      "v0": 0.33203125,
      "u1": 0.583984375,
      "v1": 0.35546875,
      "averageRGB": [
        0.9395969498910676,
        0.7032203159041394,
        0.09006672113289761
      ],
      "isTransparent": false,
      "needsAlphaTest": false,
      "transparencyRatio": 0
    },
    "blocks/hay-block/-z.png": {
      "u0": 0.603515625,
      "v0": 0.33203125,
      "u1": 0.615234375,
      "v1": 0.35546875,
      "averageRGB": [
        0.7684027777777778,
        0.4927287581699346,
        0.08385076252723311
      ],
      "isTransparent": false,
      "needsAlphaTest": false,
      "transparencyRatio": 0
    },
    "blocks/honeycomb-big.png": {
      "u0": 0.634765625,
      "v0": 0.33203125,
      "u1": 0.646484375,
      "v1": 0.35546875,
      "averageRGB": [
        0.9224673202614379,
        0.6454793028322441,
        0.03904547930283224
      ],
      "isTransparent": false,
      "needsAlphaTest": false,
      "transparencyRatio": 0
    },
    "blocks/honeycomb-small.png": {
      "u0": 0.666015625,
      "v0": 0.33203125,
      "u1": 0.677734375,
      "v1": 0.35546875,
      "averageRGB": [
        0.9134803921568627,
        0.5970860566448802,
        0.0321078431372549
      ],
      "isTransparent": false,
      "needsAlphaTest": false,
      "transparencyRatio": 0
    },
    "blocks/ice.png": {
      "u0": 0.697265625,
      "v0": 0.33203125,
      "u1": 0.708984375,
      "v1": 0.35546875,
      "averageRGB": [
        0.5409858387799564,
        0.7568899782135077,
        1
      ],
      "isTransparent": true,
      "needsAlphaTest": false,
      "transparencyRatio": 0.3137254901960775
    },
    "blocks/iron-block.png": {
      "u0": 0.728515625,
      "v0": 0.33203125,
      "u1": 0.740234375,
      "v1": 0.35546875,
      "averageRGB": [
        0.6251429738562092,
        0.6855460239651416,
        0.7550381263616558
      ],
      "isTransparent": false,
      "needsAlphaTest": false,
      "transparencyRatio": 0
    },
    "blocks/iron-ore.png": {
      "u0": 0.759765625,
      "v0": 0.33203125,
      "u1": 0.771484375,
      "v1": 0.35546875,
      "averageRGB": [
        0.5402096949891068,
        0.4856481481481481,
        0.46294253812636166
      ],
      "isTransparent": false,
      "needsAlphaTest": false,
      "transparencyRatio": 0
    },
    "blocks/jungle-leaves.png": {
      "u0": 0.791015625,
      "v0": 0.33203125,
      "u1": 0.802734375,
      "v1": 0.35546875,
      "averageRGB": [
        0.18705746187363834,
        0.4467320261437909,
        0.0471473311546841
      ],
      "isTransparent": false,
      "needsAlphaTest": true,
      "transparencyRatio": 0.0642361111111111
    },
    "blocks/lava-stone.png": {
      "u0": 0.822265625,
      "v0": 0.33203125,
      "u1": 0.833984375,
      "v1": 0.35546875,
      "averageRGB": [
        0.41384803921568625,
        0.06726579520697168,
        0.11235021786492376
      ],
      "isTransparent": false,
      "needsAlphaTest": false,
      "transparencyRatio": 0
    },
    "blocks/lava.png": {
      "u0": 0.853515625,
      "v0": 0.33203125,
      "u1": 0.865234375,
      "v1": 0.35546875,
      "averageRGB": [
        0.7729302832244009,
        0.2849264705882353,
        0.04169389978213508
      ],
      "isTransparent": false,
      "needsAlphaTest": false,
      "transparencyRatio": 0
    },
    "blocks/light-blue-concrete.png": {
      "u0": 0.884765625,
      "v0": 0.33203125,
      "u1": 0.896484375,
      "v1": 0.35546875,
      "averageRGB": [
        0.18252314814814816,
        0.7255378540305011,
        0.9799768518518519
      ],
      "isTransparent": false,
      "needsAlphaTest": false,
      "transparencyRatio": 0
    },
    "blocks/light-gray-concrete.png": {
      "u0": 0.916015625,
      "v0": 0.33203125,
      "u1": 0.927734375,
      "v1": 0.35546875,
      "averageRGB": [
        0.6802968409586058,
        0.6802968409586058,
        0.6802968409586058
      ],
      "isTransparent": false,
      "needsAlphaTest": false,
      "transparencyRatio": 0
    },
    "blocks/lime-concrete.png": {
      "u0": 0.947265625,
      "v0": 0.33203125,
      "u1": 0.958984375,
      "v1": 0.35546875,
      "averageRGB": [
        0.4044253812636166,
        0.9444444444444445,
        0.4082516339869281
      ],
      "isTransparent": false,
      "needsAlphaTest": false,
      "transparencyRatio": 0
    },
    "blocks/magenta-concrete.png": {
      "u0": 0.978515625,
      "v0": 0.33203125,
      "u1": 0.990234375,
      "v1": 0.35546875,
      "averageRGB": [
        0.7905501089324618,
        0.32262391067538126,
        0.9996323529411765
      ],
      "isTransparent": false,
      "needsAlphaTest": false,
      "transparencyRatio": 0
    },
    "blocks/magma-block.png": {
      "u0": 0.009765625,
      "v0": 0.39453125,
      "u1": 0.021484375,
      "v1": 0.41796875,
      "averageRGB": [
        0.5432734204793028,
        0.1366761982570806,
        0.08287037037037036
      ],
      "isTransparent": false,
      "needsAlphaTest": false,
      "transparencyRatio": 0
    },
    "blocks/mesh-copper.png": {
      "u0": 0.041015625,
      "v0": 0.39453125,
      "u1": 0.052734375,
      "v1": 0.41796875,
      "averageRGB": [
        0.5407407407407407,
        0.3338235294117647,
        0.2152777777777778
      ],
      "isTransparent": false,
      "needsAlphaTest": true,
      "transparencyRatio": 0.3888888888888889
    },
    "blocks/mesh-gold.png": {
      "u0": 0.072265625,
      "v0": 0.39453125,
      "u1": 0.083984375,
      "v1": 0.41796875,
      "averageRGB": [
        0.5822235838779957,
        0.46087962962962964,
        0.1526143790849673
      ],
      "isTransparent": false,
      "needsAlphaTest": true,
      "transparencyRatio": 0.3888888888888889
    },
    "blocks/mesh-iron.png": {
      "u0": 0.103515625,
      "v0": 0.39453125,
      "u1": 0.115234375,
      "v1": 0.41796875,
      "averageRGB": [
        0.39617374727668847,
        0.3885961328976035,
        0.3712962962962963
      ],
      "isTransparent": false,
      "needsAlphaTest": true,
      "transparencyRatio": 0.3888888888888889
    },
    "blocks/mossy-cobblestone.png": {
      "u0": 0.134765625,
      "v0": 0.39453125,
      "u1": 0.146484375,
      "v1": 0.41796875,
      "averageRGB": [
        0.4285947712418301,
        0.4777165032679738,
        0.3815223311546841
      ],
      "isTransparent": false,
      "needsAlphaTest": false,
      "transparencyRatio": 0
    },
    "blocks/mossy-stone-bricks.png": {
      "u0": 0.166015625,
      "v0": 0.39453125,
      "u1": 0.177734375,
      "v1": 0.41796875,
      "averageRGB": [
        0.46148556644880173,
        0.4971745642701525,
        0.43162445533769067
      ],
      "isTransparent": false,
      "needsAlphaTest": false,
      "transparencyRatio": 0
    },
    "blocks/mushroom-block.png": {
      "u0": 0.197265625,
      "v0": 0.39453125,
      "u1": 0.208984375,
      "v1": 0.41796875,
      "averageRGB": [
        0.8701456971677559,
        0.7257897603485839,
        0.4730868736383442
      ],
      "isTransparent": false,
      "needsAlphaTest": false,
      "transparencyRatio": 0
    },
    "blocks/mushroom-stem.png": {
      "u0": 0.228515625,
      "v0": 0.39453125,
      "u1": 0.240234375,
      "v1": 0.41796875,
      "averageRGB": [
        0.8791462418300653,
        0.8252246732026144,
        0.7126429738562092
      ],
      "isTransparent": false,
      "needsAlphaTest": false,
      "transparencyRatio": 0
    },
    "blocks/oak-leaves.png": {
      "u0": 0.259765625,
      "v0": 0.39453125,
      "u1": 0.271484375,
      "v1": 0.41796875,
      "averageRGB": [
        0.1993872549019608,
        0.5071418845315904,
        0.04274918300653595
      ],
      "isTransparent": false,
      "needsAlphaTest": true,
      "transparencyRatio": 0.1388888888888889
    },
    "blocks/oak-log/+x.png": {
      "u0": 0.291015625,
      "v0": 0.39453125,
      "u1": 0.302734375,
      "v1": 0.41796875,
      "averageRGB": [
        0.4219362745098039,
        0.2511710239651416,
        0.1354983660130719
      ],
      "isTransparent": false,
      "needsAlphaTest": false,
      "transparencyRatio": 0
    },
    "blocks/oak-log/+y.png": {
      "u0": 0.322265625,
      "v0": 0.39453125,
      "u1": 0.333984375,
      "v1": 0.41796875,
      "averageRGB": [
        0.6259735838779956,
        0.430249183006536,
        0.2647194989106754
      ],
      "isTransparent": false,
      "needsAlphaTest": false,
      "transparencyRatio": 0
    },
    "blocks/oak-log/+z.png": {
      "u0": 0.353515625,
      "v0": 0.39453125,
      "u1": 0.365234375,
      "v1": 0.41796875,
      "averageRGB": [
        0.4219362745098039,
        0.2511710239651416,
        0.1354983660130719
      ],
      "isTransparent": false,
      "needsAlphaTest": false,
      "transparencyRatio": 0
    },
    "blocks/oak-log/-x.png": {
      "u0": 0.384765625,
      "v0": 0.39453125,
      "u1": 0.396484375,
      "v1": 0.41796875,
      "averageRGB": [
        0.4219362745098039,
        0.2511710239651416,
        0.1354983660130719
      ],
      "isTransparent": false,
      "needsAlphaTest": false,
      "transparencyRatio": 0
    },
    "blocks/oak-log/-y.png": {
      "u0": 0.416015625,
      "v0": 0.39453125,
      "u1": 0.427734375,
      "v1": 0.41796875,
      "averageRGB": [
        0.6259735838779956,
        0.430249183006536,
        0.2647194989106754
      ],
      "isTransparent": false,
      "needsAlphaTest": false,
      "transparencyRatio": 0
    },
    "blocks/oak-log/-z.png": {
      "u0": 0.447265625,
      "v0": 0.39453125,
      "u1": 0.458984375,
      "v1": 0.41796875,
      "averageRGB": [
        0.4219362745098039,
        0.2511710239651416,
        0.1354983660130719
      ],
      "isTransparent": false,
      "needsAlphaTest": false,
      "transparencyRatio": 0
    },
    "blocks/oak-planks-vine.png": {
      "u0": 0.478515625,
      "v0": 0.39453125,
      "u1": 0.490234375,
      "v1": 0.41796875,
      "averageRGB": [
        0.6203976034858387,
        0.5276211873638343,
        0.2272194989106754
      ],
      "isTransparent": false,
      "needsAlphaTest": false,
      "transparencyRatio": 0
    },
    "blocks/oak-planks.png": {
      "u0": 0.509765625,
      "v0": 0.39453125,
      "u1": 0.521484375,
      "v1": 0.41796875,
      "averageRGB": [
        0.7658564814814814,
        0.5558142701525054,
        0.342755991285403
      ],
      "isTransparent": false,
      "needsAlphaTest": false,
      "transparencyRatio": 0
    },
    "blocks/orange-concrete.png": {
      "u0": 0.541015625,
      "v0": 0.39453125,
      "u1": 0.552734375,
      "v1": 0.41796875,
      "averageRGB": [
        0.9209967320261437,
        0.4111928104575164,
        0.09746732026143791
      ],
      "isTransparent": false,
      "needsAlphaTest": false,
      "transparencyRatio": 0
    },
    "blocks/pink-concrete.png": {
      "u0": 0.572265625,
      "v0": 0.39453125,
      "u1": 0.583984375,
      "v1": 0.41796875,
      "averageRGB": [
        0.9915305010893246,
        0.4757489106753813,
        0.8142905773420479
      ],
      "isTransparent": false,
      "needsAlphaTest": false,
      "transparencyRatio": 0
    },
    "blocks/purple-concrete.png": {
      "u0": 0.603515625,
      "v0": 0.39453125,
      "u1": 0.615234375,
      "v1": 0.41796875,
      "averageRGB": [
        0.5604166666666667,
        0.3301130174291939,
        0.9919117647058824
      ],
      "isTransparent": false,
      "needsAlphaTest": false,
      "transparencyRatio": 0
    },
    "blocks/red-concrete.png": {
      "u0": 0.634765625,
      "v0": 0.39453125,
      "u1": 0.646484375,
      "v1": 0.41796875,
      "averageRGB": [
        0.8612745098039216,
        0.1940427559912854,
        0.18670343137254902
      ],
      "isTransparent": false,
      "needsAlphaTest": false,
      "transparencyRatio": 0
    },
    "blocks/red-mushroom-block.png": {
      "u0": 0.666015625,
      "v0": 0.39453125,
      "u1": 0.677734375,
      "v1": 0.41796875,
      "averageRGB": [
        0.7489855664488018,
        0.2457584422657952,
        0.2395016339869281
      ],
      "isTransparent": false,
      "needsAlphaTest": false,
      "transparencyRatio": 0
    },
    "blocks/ruby-block.png": {
      "u0": 0.697265625,
      "v0": 0.39453125,
      "u1": 0.708984375,
      "v1": 0.41796875,
      "averageRGB": [
        0.8435729847494553,
        0.17593273420479302,
        0.2567333877995643
      ],
      "isTransparent": false,
      "needsAlphaTest": false,
      "transparencyRatio": 0
    },
    "blocks/ruby-ore.png": {
      "u0": 0.728515625,
      "v0": 0.39453125,
      "u1": 0.740234375,
      "v1": 0.41796875,
      "averageRGB": [
        0.5291053921568627,
        0.4230868736383442,
        0.4364242919389978
      ],
      "isTransparent": false,
      "needsAlphaTest": false,
      "transparencyRatio": 0
    },
    "blocks/sand-wet.png": {
      "u0": 0.759765625,
      "v0": 0.39453125,
      "u1": 0.771484375,
      "v1": 0.41796875,
      "averageRGB": [
        0.8272739651416122,
        0.6636710239651417,
        0.4119144880174292
      ],
      "isTransparent": false,
      "needsAlphaTest": false,
      "transparencyRatio": 0
    },
    "blocks/sand.png": {
      "u0": 0.791015625,
      "v0": 0.39453125,
      "u1": 0.802734375,
      "v1": 0.41796875,
      "averageRGB": [
        0.9292755991285403,
        0.8388208061002178,
        0.6383442265795207
      ],
      "isTransparent": false,
      "needsAlphaTest": false,
      "transparencyRatio": 0
    },
    "blocks/sandstone/+x.png": {
      "u0": 0.822265625,
      "v0": 0.39453125,
      "u1": 0.833984375,
      "v1": 0.41796875,
      "averageRGB": [
        0.9007012527233116,
        0.7919321895424837,
        0.5938316993464052
      ],
      "isTransparent": false,
      "needsAlphaTest": false,
      "transparencyRatio": 0
    },
    "blocks/sandstone/+y.png": {
      "u0": 0.853515625,
      "v0": 0.39453125,
      "u1": 0.865234375,
      "v1": 0.41796875,
      "averageRGB": [
        0.9322167755991285,
        0.8427355664488018,
        0.6418300653594771
      ],
      "isTransparent": false,
      "needsAlphaTest": false,
      "transparencyRatio": 0
    },
    "blocks/sandstone/+z.png": {
      "u0": 0.884765625,
      "v0": 0.39453125,
      "u1": 0.896484375,
      "v1": 0.41796875,
      "averageRGB": [
        0.9007012527233116,
        0.7919321895424837,
        0.5938316993464052
      ],
      "isTransparent": false,
      "needsAlphaTest": false,
      "transparencyRatio": 0
    },
    "blocks/sandstone/-x.png": {
      "u0": 0.916015625,
      "v0": 0.39453125,
      "u1": 0.927734375,
      "v1": 0.41796875,
      "averageRGB": [
        0.9007012527233116,
        0.7919321895424837,
        0.5938316993464052
      ],
      "isTransparent": false,
      "needsAlphaTest": false,
      "transparencyRatio": 0
    },
    "blocks/sandstone/-y.png": {
      "u0": 0.947265625,
      "v0": 0.39453125,
      "u1": 0.958984375,
      "v1": 0.41796875,
      "averageRGB": [
        0.9022603485838779,
        0.7938997821350763,
        0.5953771786492374
      ],
      "isTransparent": false,
      "needsAlphaTest": false,
      "transparencyRatio": 0
    },
    "blocks/sandstone/-z.png": {
      "u0": 0.978515625,
      "v0": 0.39453125,
      "u1": 0.990234375,
      "v1": 0.41796875,
      "averageRGB": [
        0.9007012527233116,
        0.7919321895424837,
        0.5938316993464052
      ],
      "isTransparent": false,
      "needsAlphaTest": false,
      "transparencyRatio": 0
    },
    "blocks/sapphire-block.png": {
      "u0": 0.009765625,
      "v0": 0.45703125,
      "u1": 0.021484375,
      "v1": 0.48046875,
      "averageRGB": [
        0.2956699346405229,
        0.31090686274509804,
        0.8262595315904139
      ],
      "isTransparent": false,
      "needsAlphaTest": false,
      "transparencyRatio": 0
    },
    "blocks/sapphire-ore.png": {
      "u0": 0.041015625,
      "v0": 0.45703125,
      "u1": 0.052734375,
      "v1": 0.48046875,
      "averageRGB": [
        0.4716503267973856,
        0.4614242919389978,
        0.5623502178649237
      ],
      "isTransparent": false,
      "needsAlphaTest": false,
      "transparencyRatio": 0
    },
    "blocks/slime.png": {
      "u0": 0.072265625,
      "v0": 0.45703125,
      "u1": 0.083984375,
      "v1": 0.48046875,
      "averageRGB": [
        0.3629084967320262,
        0.7033769063180828,
        0.19019607843137254
      ],
      "isTransparent": false,
      "needsAlphaTest": false,
      "transparencyRatio": 0
    },
    "blocks/smooth-stone.png": {
      "u0": 0.103515625,
      "v0": 0.45703125,
      "u1": 0.115234375,
      "v1": 0.48046875,
      "averageRGB": [
        0.7639842047930283,
        0.7639842047930283,
        0.7639842047930283
      ],
      "isTransparent": false,
      "needsAlphaTest": false,
      "transparencyRatio": 0
    },
    "blocks/snow-rocky.png": {
      "u0": 0.134765625,
      "v0": 0.45703125,
      "u1": 0.146484375,
      "v1": 0.48046875,
      "averageRGB": [
        0.8802832244008715,
        0.9156522331154685,
        0.9142973856209151
      ],
      "isTransparent": false,
      "needsAlphaTest": false,
      "transparencyRatio": 0
    },
    "blocks/snow.png": {
      "u0": 0.166015625,
      "v0": 0.45703125,
      "u1": 0.177734375,
      "v1": 0.48046875,
      "averageRGB": [
        0.9681304466230937,
        0.9994076797385621,
        0.9983319716775599
      ],
      "isTransparent": false,
      "needsAlphaTest": false,
      "transparencyRatio": 0
    },
    "blocks/spruce-leaves.png": {
      "u0": 0.197265625,
      "v0": 0.45703125,
      "u1": 0.208984375,
      "v1": 0.48046875,
      "averageRGB": [
        0.17631399782135077,
        0.38357843137254904,
        0.15237608932461874
      ],
      "isTransparent": false,
      "needsAlphaTest": true,
      "transparencyRatio": 0.1423611111111111
    },
    "blocks/spruce-log/+x.png": {
      "u0": 0.228515625,
      "v0": 0.45703125,
      "u1": 0.240234375,
      "v1": 0.48046875,
      "averageRGB": [
        0.3642020697167756,
        0.16085239651416122,
        0.11120642701525055
      ],
      "isTransparent": false,
      "needsAlphaTest": false,
      "transparencyRatio": 0
    },
    "blocks/spruce-log/+y.png": {
      "u0": 0.259765625,
      "v0": 0.45703125,
      "u1": 0.271484375,
      "v1": 0.48046875,
      "averageRGB": [
        0.5273080065359477,
        0.2917279411764706,
        0.17264433551198258
      ],
      "isTransparent": false,
      "needsAlphaTest": false,
      "transparencyRatio": 0
    },
    "blocks/spruce-log/+z.png": {
      "u0": 0.291015625,
      "v0": 0.45703125,
      "u1": 0.302734375,
      "v1": 0.48046875,
      "averageRGB": [
        0.3642020697167756,
        0.16085239651416122,
        0.11120642701525055
      ],
      "isTransparent": false,
      "needsAlphaTest": false,
      "transparencyRatio": 0
    },
    "blocks/spruce-log/-x.png": {
      "u0": 0.322265625,
      "v0": 0.45703125,
      "u1": 0.333984375,
      "v1": 0.48046875,
      "averageRGB": [
        0.3642020697167756,
        0.16085239651416122,
        0.11120642701525055
      ],
      "isTransparent": false,
      "needsAlphaTest": false,
      "transparencyRatio": 0
    },
    "blocks/spruce-log/-y.png": {
      "u0": 0.353515625,
      "v0": 0.45703125,
      "u1": 0.365234375,
      "v1": 0.48046875,
      "averageRGB": [
        0.5273080065359477,
        0.2917279411764706,
        0.17264433551198258
      ],
      "isTransparent": false,
      "needsAlphaTest": false,
      "transparencyRatio": 0
    },
    "blocks/spruce-log/-z.png": {
      "u0": 0.384765625,
      "v0": 0.45703125,
      "u1": 0.396484375,
      "v1": 0.48046875,
      "averageRGB": [
        0.3642020697167756,
        0.16085239651416122,
        0.11120642701525055
      ],
      "isTransparent": false,
      "needsAlphaTest": false,
      "transparencyRatio": 0
    },
    "blocks/spruce-planks-vine.png": {
      "u0": 0.416015625,
      "v0": 0.45703125,
      "u1": 0.427734375,
      "v1": 0.48046875,
      "averageRGB": [
        0.5106685729847494,
        0.3905705337690632,
        0.11745642701525055
      ],
      "isTransparent": false,
      "needsAlphaTest": false,
      "transparencyRatio": 0
    },
    "blocks/spruce-planks.png": {
      "u0": 0.447265625,
      "v0": 0.45703125,
      "u1": 0.458984375,
      "v1": 0.48046875,
      "averageRGB": [
        0.5996800108932462,
        0.34869961873638344,
        0.1761505991285403
      ],
      "isTransparent": false,
      "needsAlphaTest": false,
      "transparencyRatio": 0
    },
    "blocks/stone-bricks.png": {
      "u0": 0.478515625,
      "v0": 0.45703125,
      "u1": 0.490234375,
      "v1": 0.48046875,
      "averageRGB": [
        0.509443082788671,
        0.509443082788671,
        0.509443082788671
      ],
      "isTransparent": false,
      "needsAlphaTest": false,
      "transparencyRatio": 0
    },
    "blocks/stone.png": {
      "u0": 0.509765625,
      "v0": 0.45703125,
      "u1": 0.521484375,
      "v1": 0.48046875,
      "averageRGB": [
        0.5097426470588236,
        0.5097426470588236,
        0.5097426470588236
      ],
      "isTransparent": false,
      "needsAlphaTest": false,
      "transparencyRatio": 0
    },
    "blocks/water.png": {
      "u0": 0.541015625,
      "v0": 0.45703125,
      "u1": 0.552734375,
      "v1": 0.48046875,
      "averageRGB": [
        0.2718545751633987,
        0.6162173202614378,
        0.951729302832244
      ],
      "isTransparent": true,
      "needsAlphaTest": false,
      "transparencyRatio": 0.16078431372548982
    },
    "blocks/white-concrete.png": {
      "u0": 0.572265625,
      "v0": 0.45703125,
      "u1": 0.583984375,
      "v1": 0.48046875,
      "averageRGB": [
        0.9770697167755991,
        0.9770697167755991,
        0.9770697167755991
      ],
      "isTransparent": false,
      "needsAlphaTest": false,
      "transparencyRatio": 0
    },
    "blocks/wool-black.png": {
      "u0": 0.603515625,
      "v0": 0.45703125,
      "u1": 0.615234375,
      "v1": 0.48046875,
      "averageRGB": [
        0.08370098039215686,
        0.0738562091503268,
        0.0738562091503268
      ],
      "isTransparent": false,
      "needsAlphaTest": false,
      "transparencyRatio": 0
    },
    "blocks/wool-blue.png": {
      "u0": 0.634765625,
      "v0": 0.45703125,
      "u1": 0.646484375,
      "v1": 0.48046875,
      "averageRGB": [
        0.24268790849673202,
        0.4103349673202615,
        0.7890931372549019
      ],
      "isTransparent": false,
      "needsAlphaTest": false,
      "transparencyRatio": 0
    },
    "blocks/wool-brown.png": {
      "u0": 0.666015625,
      "v0": 0.45703125,
      "u1": 0.677734375,
      "v1": 0.48046875,
      "averageRGB": [
        0.5071895424836602,
        0.2159722222222222,
        0.14583333333333334
      ],
      "isTransparent": false,
      "needsAlphaTest": false,
      "transparencyRatio": 0
    },
    "blocks/wool-cyan.png": {
      "u0": 0.697265625,
      "v0": 0.45703125,
      "u1": 0.708984375,
      "v1": 0.48046875,
      "averageRGB": [
        0.2102532679738562,
        0.6503676470588236,
        0.6389297385620916
      ],
      "isTransparent": false,
      "needsAlphaTest": false,
      "transparencyRatio": 0
    },
    "blocks/wool-dark-gray.png": {
      "u0": 0.728515625,
      "v0": 0.45703125,
      "u1": 0.740234375,
      "v1": 0.48046875,
      "averageRGB": [
        0.4415849673202615,
        0.4415849673202615,
        0.4415849673202615
      ],
      "isTransparent": false,
      "needsAlphaTest": false,
      "transparencyRatio": 0
    },
    "blocks/wool-green.png": {
      "u0": 0.759765625,
      "v0": 0.45703125,
      "u1": 0.771484375,
      "v1": 0.48046875,
      "averageRGB": [
        0.3275735294117647,
        0.6762254901960785,
        0.17295751633986928
      ],
      "isTransparent": false,
      "needsAlphaTest": false,
      "transparencyRatio": 0
    },
    "blocks/wool-light-blue.png": {
      "u0": 0.791015625,
      "v0": 0.45703125,
      "u1": 0.802734375,
      "v1": 0.48046875,
      "averageRGB": [
        0.13884803921568628,
        0.6953022875816994,
        0.8771241830065359
      ],
      "isTransparent": false,
      "needsAlphaTest": false,
      "transparencyRatio": 0
    },
    "blocks/wool-light-gray.png": {
      "u0": 0.822265625,
      "v0": 0.45703125,
      "u1": 0.833984375,
      "v1": 0.48046875,
      "averageRGB": [
        0.6257761437908497,
        0.6257761437908497,
        0.6257761437908497
      ],
      "isTransparent": false,
      "needsAlphaTest": false,
      "transparencyRatio": 0
    },
    "blocks/wool-lime.png": {
      "u0": 0.853515625,
      "v0": 0.45703125,
      "u1": 0.865234375,
      "v1": 0.48046875,
      "averageRGB": [
        0.3630718954248366,
        0.8715277777777778,
        0.3131535947712418
      ],
      "isTransparent": false,
      "needsAlphaTest": false,
      "transparencyRatio": 0
    },
    "blocks/wool-magenta.png": {
      "u0": 0.884765625,
      "v0": 0.45703125,
      "u1": 0.896484375,
      "v1": 0.48046875,
      "averageRGB": [
        0.6849264705882353,
        0.23696895424836603,
        0.8754493464052288
      ],
      "isTransparent": false,
      "needsAlphaTest": false,
      "transparencyRatio": 0
    },
    "blocks/wool-orange.png": {
      "u0": 0.916015625,
      "v0": 0.45703125,
      "u1": 0.927734375,
      "v1": 0.48046875,
      "averageRGB": [
        0.8326388888888888,
        0.3645424836601307,
        0.07610294117647058
      ],
      "isTransparent": false,
      "needsAlphaTest": false,
      "transparencyRatio": 0
    },
    "blocks/wool-pink.png": {
      "u0": 0.947265625,
      "v0": 0.45703125,
      "u1": 0.958984375,
      "v1": 0.48046875,
      "averageRGB": [
        0.870874183006536,
        0.35261437908496734,
        0.6755310457516339
      ],
      "isTransparent": false,
      "needsAlphaTest": false,
      "transparencyRatio": 0
    },
    "blocks/wool-purple.png": {
      "u0": 0.978515625,
      "v0": 0.45703125,
      "u1": 0.990234375,
      "v1": 0.48046875,
      "averageRGB": [
        0.48884803921568626,
        0.258374183006536,
        0.8347630718954249
      ],
      "isTransparent": false,
      "needsAlphaTest": false,
      "transparencyRatio": 0
    },
    "blocks/wool-red.png": {
      "u0": 0.009765625,
      "v0": 0.51953125,
      "u1": 0.021484375,
      "v1": 0.54296875,
      "averageRGB": [
        0.8115604575163399,
        0.22679738562091503,
        0.20972222222222223
      ],
      "isTransparent": false,
      "needsAlphaTest": false,
      "transparencyRatio": 0
    },
    "blocks/wool-white.png": {
      "u0": 0.041015625,
      "v0": 0.51953125,
      "u1": 0.052734375,
      "v1": 0.54296875,
      "averageRGB": [
        0.9627042483660131,
        0.954983660130719,
        0.954983660130719
      ],
      "isTransparent": false,
      "needsAlphaTest": false,
      "transparencyRatio": 0
    },
    "blocks/wool-yellow.png": {
      "u0": 0.072265625,
      "v0": 0.51953125,
      "u1": 0.083984375,
      "v1": 0.54296875,
      "averageRGB": [
        0.9827205882352941,
        0.7871323529411764,
        0.10641339869281047
      ],
      "isTransparent": false,
      "needsAlphaTest": false,
      "transparencyRatio": 0
    },
    "blocks/yellow-concrete.png": {
      "u0": 0.103515625,
      "v0": 0.51953125,
      "u1": 0.115234375,
      "v1": 0.54296875,
      "averageRGB": [
        0.9974060457516339,
        0.7623910675381264,
        0.19671840958605663
      ],
      "isTransparent": false,
      "needsAlphaTest": false,
      "transparencyRatio": 0
    }
  },
  "sourceHash": "2627a6eb01719a21c54bee6dcf9881a0cde7568eaa8af65af26943ceb7282612"
}